{"nodes":[{"id":"Erasme","group":3},{"id":"Parmentier","group":2},{"id":"Pujolle","group":4},{"id":"Bourmeyster","group":2},{"id":"Petrovska-delacr\u00e9taz","group":2},{"id":"David","group":2},{"id":"Morel","group":2},{"id":"Nicolas","group":2},{"id":"Taqqu","group":2},{"id":"Pascucci","group":2},{"id":"Chaibi","group":3},{"id":"Newson","group":2},{"id":"Nguyen","group":3},{"id":"Capman","group":2},{"id":"Couillet","group":3},{"id":"P\u00e9rez","group":2},{"id":"Wang","group":3},{"id":"Yang","group":2},{"id":"Bhasin","group":3},{"id":"Cheikh","group":4},{"id":"Bouqueau","group":2},{"id":"Demeure","group":4},{"id":"Koz","group":2},{"id":"Vo","group":2},{"id":"Gati","group":3},{"id":"Jabbour","group":3},{"id":"Abou-elailah","group":2},{"id":"Plumbley","group":2},{"id":"D\u00e9combas","group":2},{"id":"Haddad","group":4},{"id":"Even","group":3},{"id":"Lepage","group":3},{"id":"Varoquaux","group":2},{"id":"Guiard","group":4},{"id":"Maghrebi","group":3},{"id":"Bailly","group":4},{"id":"Liutkus","group":2},{"id":"Fort","group":2},{"id":"Rossi","group":4},{"id":"Fraga","group":0},{"id":"Arizu","group":3},{"id":"Beaudouin-lafon","group":4},{"id":"Lauga","group":2},{"id":"Farah","group":2},{"id":"Hachem","group":3},{"id":"Chiocchetti","group":4},{"id":"Anfray","group":3},{"id":"Davi","group":0},{"id":"Chanclou","group":3},{"id":"Senellart","group":4},{"id":"Zhou","group":3},{"id":"Lu","group":4},{"id":"Aissaoui-mehrez","group":4},{"id":"Pecune","group":2},{"id":"Vanegas","group":2},{"id":"Amsterdamer","group":4},{"id":"Lin","group":4},{"id":"Niewiadomski","group":2},{"id":"Frey","group":4},{"id":"Dhia","group":3},{"id":"Fallourd","group":2},{"id":"Knorreck","group":3},{"id":"Tanzi","group":3},{"id":"Biancardi","group":2},{"id":"Benedikt","group":4},{"id":"Mus\u00e9","group":2},{"id":"Cherif","group":3},{"id":"Kazmierski","group":3},{"id":"Bevacqua","group":2},{"id":"Wiart","group":2},{"id":"Naacke","group":4},{"id":"Naviner","group":3},{"id":"Sabouret","group":2},{"id":"M\u00fcller","group":4},{"id":"M\u00f8ller","group":4},{"id":"Prepin","group":2},{"id":"Perino","group":4},{"id":"Ravenet","group":2},{"id":"Vincent","group":2},{"id":"Karpushin","group":2},{"id":"Becoulet","group":3},{"id":"Diamanti","group":4},{"id":"K\u00e9lif","group":4},{"id":"Tupin","group":2},{"id":"Godlewski","group":4},{"id":"Laine","group":2},{"id":"Gagnaire","group":4},{"id":"Boubendir","group":4},{"id":"Nemoianu","group":2},{"id":"Rioul","group":3},{"id":"B\u00f6ger","group":0},{"id":"Delon","group":2},{"id":"Eisemann","group":2},{"id":"Enrici","group":3},{"id":"Trouv\u00e9","group":2},{"id":"Begaud","group":3},{"id":"Maazaoui","group":2},{"id":"Boubekeur","group":2},{"id":"Valenti","group":4},{"id":"Thiery","group":2},{"id":"Mancini","group":2},{"id":"Bretto","group":2},{"id":"Abiteboul","group":4},{"id":"Chierchia","group":2},{"id":"Ghalbouni","group":4},{"id":"Angelini","group":2},{"id":"Nagata","group":3},{"id":"Deutch","group":4},{"id":"Pr\u00e9pin","group":2},{"id":"Pesquet","group":2},{"id":"A\u00ebl Richard","group":2},{"id":"Urien","group":4},{"id":"Vernier","group":2},{"id":"Magron","group":2},{"id":"Boukhatem","group":4},{"id":"Kaaniche","group":2},{"id":"Carofiglio","group":4},{"id":"Simoni","group":4},{"id":"Perrault","group":4},{"id":"Abdessalem","group":4},{"id":"Le","group":3},{"id":"Joni","group":0},{"id":"Joni Da Silva","group":0},{"id":"Roueff","group":2},{"id":"Le Feuvre","group":2},{"id":"Raulet","group":2},{"id":"Vallet","group":3},{"id":"Hanoune","group":2},{"id":"Grillot","group":3},{"id":"Chen","group":4},{"id":"Delbracio","group":2},{"id":"Coupechoux","group":4},{"id":"Orensanz","group":2},{"id":"Carlson","group":4},{"id":"Pelachaud","group":2},{"id":"Xing","group":2},{"id":"Paristech","group":4},{"id":"Essid","group":2},{"id":"Bloch","group":2},{"id":"Souissi","group":3},{"id":"Grang\u00e9","group":0},{"id":"Eagan","group":4},{"id":"Najm","group":3},{"id":"Callejas","group":2},{"id":"Pesquet-popescu","group":2},{"id":"Ameur-boulifa","group":3},{"id":"Irrera","group":2},{"id":"Anet Neto","group":3},{"id":"Hudry","group":4},{"id":"Deutsch","group":4},{"id":"Rekaya-ben Othman","group":3},{"id":"Rekaya Ben Othman","group":3},{"id":"Thomas","group":2},{"id":"Moulines","group":2},{"id":"Ben Cheikh","group":4},{"id":"Loubaton","group":3},{"id":"Kiennert","group":4},{"id":"Jones","group":2},{"id":"Pustelnik","group":2},{"id":"Lalanda","group":4},{"id":"Tudor","group":2},{"id":"Chan","group":4},{"id":"Ba","group":4},{"id":"Auger","group":4},{"id":"Rossant","group":2},{"id":"Ware","group":3},{"id":"Borde","group":4},{"id":"Deniel","group":3},{"id":"Denis","group":1},{"id":"Richard","group":2},{"id":"Ben Dhia","group":3},{"id":"Chollet","group":2},{"id":"Quoc","group":2},{"id":"Tchamkerten","group":3},{"id":"Msahli","group":4},{"id":"Honkala","group":4},{"id":"Aupetit-berthelemot","group":3},{"id":"Ben","group":0},{"id":"Saucez","group":4},{"id":"Lozac'h","group":3},{"id":"Brahmi","group":3},{"id":"Nutt","group":4},{"id":"Terchoune","group":3},{"id":"Kharouf","group":3},{"id":"Vi","group":0},{"id":"Jussieu","group":0},{"id":"Almansa","group":2},{"id":"Dumoulin","group":1},{"id":"Greco","group":2},{"id":"Bouzakaria","group":2},{"id":"Fourati","group":2},{"id":"Idrees","group":3},{"id":"Dorra","group":4},{"id":"Boudy","group":2},{"id":"Pinel","group":2},{"id":"Neyret","group":2},{"id":"Laheurte","group":3},{"id":"Girin","group":2},{"id":"Olafsdottir","group":4},{"id":"Najim","group":3},{"id":"Danger","group":3},{"id":"Tierny","group":2},{"id":"Suchanek","group":4},{"id":"Feuvre","group":2},{"id":"Dr\u00e9meau","group":2},{"id":"France","group":0},{"id":"Diaconescu","group":4},{"id":"Arti\u00e8res","group":2},{"id":"Mathieu","group":3},{"id":"Kelif","group":4},{"id":"Lugou","group":3},{"id":"Sauvage","group":3},{"id":"Clausel","group":2},{"id":"Daguet","group":2},{"id":"Oita","group":4},{"id":"Bertin","group":4},{"id":"Lobstein","group":4},{"id":"Thiesse","group":2},{"id":"D'errico","group":3},{"id":"Loumeau","group":3},{"id":"Crassin","group":2},{"id":"Boisgontier","group":2},{"id":"Donnet","group":4},{"id":"D\u00e9tienne","group":1},{"id":"Olivo-marin","group":2},{"id":"Pesquet-","group":2},{"id":"Mendieta","group":3},{"id":"Agha","group":4},{"id":"Harant","group":2},{"id":"Zaquine","group":4},{"id":"Bossuet","group":3},{"id":"Verdier","group":1},{"id":"Matherat","group":3},{"id":"Renan","group":2},{"id":"Paques","group":2},{"id":"Pedroza","group":3},{"id":"Carlet","group":3},{"id":"Kechaou","group":3},{"id":"Pautet","group":4},{"id":"Dugelay","group":3},{"id":"S\u00e9bastien Montenez","group":0},{"id":"Malacria","group":4},{"id":"Pagliarini","group":3},{"id":"Roblin","group":3},{"id":"Milo","group":4},{"id":"Strohmeier","group":2},{"id":"Lautru","group":3},{"id":"Valenzise","group":2},{"id":"Aubin","group":3},{"id":"Bianchi","group":2},{"id":"Du","group":4},{"id":"Natouri","group":4},{"id":"Lac","group":4},{"id":"Tse","group":3},{"id":"Tendero","group":2},{"id":"Verma","group":2},{"id":"Vu","group":4},{"id":"Tournemene","group":0},{"id":"P\u00e2ques","group":2},{"id":"Moissinac","group":2},{"id":"Varni","group":2},{"id":"Samoud","group":3},{"id":"Hudelot","group":2},{"id":"Gottlob","group":4},{"id":"Le Montagner","group":2},{"id":"De Sevin","group":2},{"id":"Tubaro","group":1},{"id":"Apvrille","group":3},{"id":"Engemann","group":2},{"id":"Gosset","group":3},{"id":"Dahdouh","group":2},{"id":"Burkhardt","group":1},{"id":"Alves De Barros Naviner","group":3},{"id":"Deledalle","group":2},{"id":"Dessalles","group":4},{"id":"Saillenfest","group":4},{"id":"Kharlamov","group":4},{"id":"Ozerov","group":2},{"id":"Pammi","group":2},{"id":"Daudet","group":2},{"id":"Lamine Ba","group":4},{"id":"Homma","group":3},{"id":"Maniu","group":4},{"id":"Ding","group":2},{"id":"Delplanque","group":2},{"id":"Khemiri","group":2},{"id":"Gramfort","group":2},{"id":"Dufourd","group":2},{"id":"Baglioni","group":4},{"id":"Da","group":0},{"id":"Cautis","group":4},{"id":"Huang","group":2},{"id":"Lecolinet","group":4},{"id":"Iannone","group":4},{"id":"Jung","group":2},{"id":"Mazloum","group":3},{"id":"Hayashi","group":3},{"id":"Casilli","group":1},{"id":"Ghorbel","group":2},{"id":"Schires","group":3},{"id":"Gallion","group":3},{"id":"Roudier","group":3},{"id":"Montoya","group":4},{"id":"Badeau","group":2},{"id":"Mestre","group":3},{"id":"Lamine","group":0},{"id":"Abed-meraim","group":2},{"id":"Nassar","group":3},{"id":"Larson","group":2},{"id":"Inglada","group":2},{"id":"Petrazzuoli","group":2},{"id":"Cagnazzo","group":2},{"id":"Aissaoui","group":0},{"id":"Alv\u00e8s","group":3},{"id":"Pacalet","group":3},{"id":"Slimani","group":3},{"id":"Souihli","group":4},{"id":"Jaureguiberry","group":2},{"id":"Ochs","group":2},{"id":"Gousseau","group":2},{"id":"Fujimoto","group":3},{"id":"Hennequin","group":2},{"id":"Mackay","group":4},{"id":"Ben Romdhane","group":3},{"id":"De","group":3},{"id":"Serrano","group":4},{"id":"Oulasvirta","group":4},{"id":"Dufaux","group":2},{"id":"Bouttout","group":3},{"id":"Nayak","group":4},{"id":"Heuser","group":3},{"id":"Serhrouchni","group":4},{"id":"Gay","group":2},{"id":"Thirion","group":2},{"id":"Graba","group":3},{"id":"Ritschel","group":2},{"id":"Guilley","group":3},{"id":"Fuentes","group":2},{"id":"Varde","group":4},{"id":"Bailly@","group":0},{"id":"Grenier","group":2},{"id":"Gueye","group":4},{"id":"Lourdiane","group":3},{"id":"Mazaaoui","group":0},{"id":"Curie","group":0},{"id":"Genay","group":3},{"id":"Concolato","group":2},{"id":"Rossini","group":4},{"id":"Security","group":0},{"id":"Charon","group":4},{"id":"Licoppe","group":1},{"id":"Atif","group":2},{"id":"Dubuisson","group":2},{"id":"De Saqui-sannes","group":3},{"id":"Chandar","group":3},{"id":"Merghem","group":3},{"id":"Davi Da Silva","group":0},{"id":"Sainz","group":2},{"id":"Sibille","group":3}],"links":[{"source":"Erasme","target":"Chaibi","value":23},{"source":"Erasme","target":"Anfray","value":35},{"source":"Erasme","target":"Chanclou","value":37},{"source":"Erasme","target":"Kazmierski","value":28},{"source":"Erasme","target":"Grillot","value":7},{"source":"Erasme","target":"Anet Neto","value":7},{"source":"Erasme","target":"Deniel","value":3},{"source":"Erasme","target":"Aupetit-berthelemot","value":37},{"source":"Erasme","target":"Brahmi","value":2},{"source":"Erasme","target":"Kechaou","value":24},{"source":"Erasme","target":"Aubin","value":23},{"source":"Erasme","target":"Gosset","value":11},{"source":"Erasme","target":"Genay","value":1},{"source":"Erasme","target":"Merghem","value":2},{"source":"Pujolle","target":"Fraga","value":8},{"source":"Pujolle","target":"Davi","value":8},{"source":"Pujolle","target":"Aissaoui-mehrez","value":63},{"source":"Pujolle","target":"B\u00f6ger","value":8},{"source":"Pujolle","target":"Urien","value":67},{"source":"Pujolle","target":"Joni","value":8},{"source":"Pujolle","target":"Joni Da Silva","value":8},{"source":"Pujolle","target":"Vi","value":8},{"source":"Pujolle","target":"Jussieu","value":8},{"source":"Pujolle","target":"Da","value":8},{"source":"Pujolle","target":"Aissaoui","value":47},{"source":"Pujolle","target":"Curie","value":8},{"source":"Pujolle","target":"Security","value":8},{"source":"Pujolle","target":"Davi Da Silva","value":8},{"source":"Bourmeyster","target":"Richard","value":1},{"source":"Bourmeyster","target":"Grenier","value":1},{"source":"Petrovska-delacr\u00e9taz","target":"Chollet","value":7},{"source":"Petrovska-delacr\u00e9taz","target":"Khemiri","value":1},{"source":"David","target":"Magron","value":13},{"source":"David","target":"Richard","value":24},{"source":"David","target":"Badeau","value":37},{"source":"Morel","target":"Mus\u00e9","value":22},{"source":"Morel","target":"Delbracio","value":22},{"source":"Morel","target":"Almansa","value":27},{"source":"Morel","target":"Tendero","value":8},{"source":"Nicolas","target":"Fallourd","value":7},{"source":"Nicolas","target":"Tupin","value":15},{"source":"Nicolas","target":"Trouv\u00e9","value":28},{"source":"Nicolas","target":"Vernier","value":7},{"source":"Nicolas","target":"Harant","value":1},{"source":"Nicolas","target":"Gay","value":7},{"source":"Taqqu","target":"Roueff","value":2},{"source":"Taqqu","target":"Tudor","value":2},{"source":"Taqqu","target":"Clausel","value":2},{"source":"Pascucci","target":"Tierny","value":3},{"source":"Chaibi","target":"Erasme","value":23},{"source":"Chaibi","target":"Anfray","value":11},{"source":"Chaibi","target":"Chanclou","value":3},{"source":"Chaibi","target":"Kazmierski","value":9},{"source":"Chaibi","target":"Aupetit-berthelemot","value":11},{"source":"Chaibi","target":"Kechaou","value":1},{"source":"Chaibi","target":"Aubin","value":3},{"source":"Newson","target":"Gousseau","value":1},{"source":"Nguyen","target":"Jabbour","value":2},{"source":"Nguyen","target":"Boukhatem","value":2},{"source":"Nguyen","target":"Loumeau","value":21},{"source":"Nguyen","target":"Vu","value":2},{"source":"Capman","target":"D\u00e9combas","value":4},{"source":"Capman","target":"Pesquet-popescu","value":4},{"source":"Capman","target":"Renan","value":4},{"source":"Capman","target":"Dufaux","value":4},{"source":"P\u00e9rez","target":"Gousseau","value":5},{"source":"Wang","target":"Even","value":2},{"source":"Wang","target":"Grillot","value":4},{"source":"Yang","target":"Wiart","value":14},{"source":"Yang","target":"Bloch","value":14},{"source":"Bhasin","target":"Najm","value":19},{"source":"Bhasin","target":"Danger","value":41},{"source":"Bhasin","target":"Mathieu","value":2},{"source":"Bhasin","target":"Graba","value":5},{"source":"Bhasin","target":"Guilley","value":31},{"source":"Cheikh","target":"K\u00e9lif","value":8},{"source":"Cheikh","target":"Godlewski","value":8},{"source":"Cheikh","target":"Coupechoux","value":8},{"source":"Cheikh","target":"Ben Cheikh","value":1},{"source":"Cheikh","target":"Dorra","value":8},{"source":"Cheikh","target":"Kelif","value":8},{"source":"Bouqueau","target":"Le Feuvre","value":20},{"source":"Bouqueau","target":"Feuvre","value":20},{"source":"Bouqueau","target":"Moissinac","value":3},{"source":"Bouqueau","target":"Dufourd","value":1},{"source":"Bouqueau","target":"Concolato","value":20},{"source":"Demeure","target":"Frey","value":8},{"source":"Demeure","target":"Diaconescu","value":8},{"source":"Koz","target":"Dufaux","value":2},{"source":"Vo","target":"Guiard","value":6},{"source":"Vo","target":"Lecolinet","value":6},{"source":"Gati","target":"Terchoune","value":5},{"source":"Gati","target":"Laheurte","value":5},{"source":"Gati","target":"D'errico","value":5},{"source":"Gati","target":"Roblin","value":5},{"source":"Gati","target":"Lautru","value":5},{"source":"Gati","target":"Alv\u00e8s","value":5},{"source":"Gati","target":"Bouttout","value":5},{"source":"Abou-elailah","target":"Farah","value":6},{"source":"Abou-elailah","target":"Pesquet-popescu","value":6},{"source":"Abou-elailah","target":"Cagnazzo","value":6},{"source":"Abou-elailah","target":"Dufaux","value":6},{"source":"Plumbley","target":"Badeau","value":6},{"source":"D\u00e9combas","target":"Capman","value":6},{"source":"D\u00e9combas","target":"Pesquet-popescu","value":12},{"source":"D\u00e9combas","target":"Renan","value":6},{"source":"D\u00e9combas","target":"Dufaux","value":12},{"source":"Haddad","target":"Gagnaire","value":18},{"source":"Even","target":"Wang","value":3},{"source":"Even","target":"Grillot","value":4},{"source":"Lepage","target":"Begaud","value":4},{"source":"Varoquaux","target":"Gramfort","value":5},{"source":"Varoquaux","target":"Thirion","value":5},{"source":"Guiard","target":"Vo","value":16},{"source":"Guiard","target":"Bailly","value":9},{"source":"Guiard","target":"Rioul","value":13},{"source":"Guiard","target":"Perrault","value":33},{"source":"Guiard","target":"Eagan","value":18},{"source":"Guiard","target":"Olafsdottir","value":4},{"source":"Guiard","target":"Malacria","value":30},{"source":"Guiard","target":"Baglioni","value":19},{"source":"Guiard","target":"Lecolinet","value":97},{"source":"Guiard","target":"Bailly@","value":1},{"source":"Maghrebi","target":"Danger","value":12},{"source":"Maghrebi","target":"Guilley","value":5},{"source":"Bailly","target":"Guiard","value":5},{"source":"Bailly","target":"Eagan","value":4},{"source":"Bailly","target":"Lecolinet","value":50},{"source":"Bailly","target":"Oulasvirta","value":13},{"source":"Liutkus","target":"A\u00ebl Richard","value":1},{"source":"Liutkus","target":"Essid","value":12},{"source":"Liutkus","target":"Richard","value":49},{"source":"Liutkus","target":"Pinel","value":6},{"source":"Liutkus","target":"Girin","value":6},{"source":"Liutkus","target":"Badeau","value":57},{"source":"Fort","target":"Moulines","value":12},{"source":"Rossi","target":"Perino","value":6},{"source":"Rossi","target":"Valenti","value":4},{"source":"Rossi","target":"Rossini","value":15},{"source":"Beaudouin-lafon","target":"Eagan","value":1},{"source":"Beaudouin-lafon","target":"Mackay","value":7},{"source":"Farah","target":"Abou-elailah","value":6},{"source":"Farah","target":"Pesquet-popescu","value":27},{"source":"Farah","target":"Cagnazzo","value":11},{"source":"Farah","target":"Dufaux","value":8},{"source":"Hachem","target":"Couillet","value":1},{"source":"Hachem","target":"Vallet","value":15},{"source":"Hachem","target":"Loubaton","value":7},{"source":"Hachem","target":"Najim","value":19},{"source":"Hachem","target":"Bianchi","value":3},{"source":"Hachem","target":"Mestre","value":8},{"source":"Anfray","target":"Erasme","value":26},{"source":"Anfray","target":"Chaibi","value":11},{"source":"Anfray","target":"Chanclou","value":19},{"source":"Anfray","target":"Kazmierski","value":20},{"source":"Anfray","target":"Aupetit-berthelemot","value":26},{"source":"Anfray","target":"Kechaou","value":13},{"source":"Anfray","target":"Aubin","value":15},{"source":"Chanclou","target":"Erasme","value":30},{"source":"Chanclou","target":"Chaibi","value":4},{"source":"Chanclou","target":"Anfray","value":20},{"source":"Chanclou","target":"Kazmierski","value":12},{"source":"Chanclou","target":"Anet Neto","value":4},{"source":"Chanclou","target":"Aupetit-berthelemot","value":22},{"source":"Chanclou","target":"Kechaou","value":12},{"source":"Chanclou","target":"Aubin","value":15},{"source":"Senellart","target":"Parmentier","value":14},{"source":"Senellart","target":"Nguyen","value":17},{"source":"Senellart","target":"Wang","value":27},{"source":"Senellart","target":"Bhasin","value":5},{"source":"Senellart","target":"Bouqueau","value":13},{"source":"Senellart","target":"Vo","value":6},{"source":"Senellart","target":"Guiard","value":17},{"source":"Senellart","target":"Bailly","value":6},{"source":"Senellart","target":"Rossi","value":22},{"source":"Senellart","target":"Chiocchetti","value":21},{"source":"Senellart","target":"Lu","value":27},{"source":"Senellart","target":"Amsterdamer","value":47},{"source":"Senellart","target":"Lin","value":27},{"source":"Senellart","target":"Dhia","value":5},{"source":"Senellart","target":"Benedikt","value":34},{"source":"Senellart","target":"Naacke","value":15},{"source":"Senellart","target":"Prepin","value":21},{"source":"Senellart","target":"Perino","value":21},{"source":"Senellart","target":"Ravenet","value":12},{"source":"Senellart","target":"Abiteboul","value":64},{"source":"Senellart","target":"Nagata","value":5},{"source":"Senellart","target":"Deutch","value":41},{"source":"Senellart","target":"Pr\u00e9pin","value":16},{"source":"Senellart","target":"Carofiglio","value":21},{"source":"Senellart","target":"Abdessalem","value":70},{"source":"Senellart","target":"Le","value":19},{"source":"Senellart","target":"Le Feuvre","value":24},{"source":"Senellart","target":"Raulet","value":14},{"source":"Senellart","target":"Chen","value":27},{"source":"Senellart","target":"Carlson","value":15},{"source":"Senellart","target":"Pelachaud","value":27},{"source":"Senellart","target":"Essid","value":13},{"source":"Senellart","target":"Callejas","value":12},{"source":"Senellart","target":"Deutsch","value":10},{"source":"Senellart","target":"Chan","value":1},{"source":"Senellart","target":"Ba","value":59},{"source":"Senellart","target":"Borde","value":15},{"source":"Senellart","target":"Richard","value":14},{"source":"Senellart","target":"Quoc","value":19},{"source":"Senellart","target":"Saucez","value":6},{"source":"Senellart","target":"Nutt","value":1},{"source":"Senellart","target":"Bouzakaria","value":17},{"source":"Senellart","target":"Fourati","value":5},{"source":"Senellart","target":"Danger","value":5},{"source":"Senellart","target":"Suchanek","value":35},{"source":"Senellart","target":"Feuvre","value":13},{"source":"Senellart","target":"France","value":13},{"source":"Senellart","target":"Arti\u00e8res","value":16},{"source":"Senellart","target":"Mathieu","value":5},{"source":"Senellart","target":"Daguet","value":14},{"source":"Senellart","target":"Oita","value":23},{"source":"Senellart","target":"Thiesse","value":14},{"source":"Senellart","target":"Donnet","value":6},{"source":"Senellart","target":"S\u00e9bastien Montenez","value":4},{"source":"Senellart","target":"Milo","value":47},{"source":"Senellart","target":"Du","value":27},{"source":"Senellart","target":"Tournemene","value":13},{"source":"Senellart","target":"Gottlob","value":27},{"source":"Senellart","target":"Kharlamov","value":2},{"source":"Senellart","target":"Lamine Ba","value":59},{"source":"Senellart","target":"Maniu","value":19},{"source":"Senellart","target":"Ding","value":16},{"source":"Senellart","target":"Baglioni","value":12},{"source":"Senellart","target":"Cautis","value":38},{"source":"Senellart","target":"Huang","value":22},{"source":"Senellart","target":"Lecolinet","value":17},{"source":"Senellart","target":"Iannone","value":6},{"source":"Senellart","target":"Montoya","value":2},{"source":"Senellart","target":"Lamine","value":4},{"source":"Senellart","target":"Souihli","value":44},{"source":"Senellart","target":"Ochs","value":20},{"source":"Senellart","target":"Fujimoto","value":5},{"source":"Senellart","target":"Nayak","value":35},{"source":"Senellart","target":"Graba","value":5},{"source":"Senellart","target":"Varde","value":35},{"source":"Senellart","target":"Bailly@","value":6},{"source":"Senellart","target":"Grenier","value":13},{"source":"Senellart","target":"Gueye","value":15},{"source":"Senellart","target":"Mazaaoui","value":13},{"source":"Senellart","target":"Concolato","value":34},{"source":"Senellart","target":"Rossini","value":21},{"source":"Zhou","target":"Gallion","value":3},{"source":"Aissaoui-mehrez","target":"Pujolle","value":44},{"source":"Aissaoui-mehrez","target":"Urien","value":44},{"source":"Aissaoui-mehrez","target":"Aissaoui","value":24},{"source":"Pecune","target":"Pelachaud","value":13},{"source":"Pecune","target":"Ochs","value":3},{"source":"Amsterdamer","target":"Senellart","value":4},{"source":"Amsterdamer","target":"Abiteboul","value":4},{"source":"Amsterdamer","target":"Milo","value":4},{"source":"Lin","target":"Chen","value":4},{"source":"Niewiadomski","target":"Pelachaud","value":20},{"source":"Frey","target":"Demeure","value":8},{"source":"Frey","target":"Diamanti","value":2},{"source":"Frey","target":"Diaconescu","value":11},{"source":"Frey","target":"Agha","value":2},{"source":"Frey","target":"Zaquine","value":2},{"source":"Dhia","target":"Naviner","value":12},{"source":"Dhia","target":"Ben Dhia","value":7},{"source":"Fallourd","target":"Nicolas","value":3},{"source":"Fallourd","target":"Trouv\u00e9","value":3},{"source":"Fallourd","target":"Vernier","value":3},{"source":"Fallourd","target":"Harant","value":1},{"source":"Fallourd","target":"Gay","value":3},{"source":"Tanzi","target":"Apvrille","value":9},{"source":"Mus\u00e9","target":"Morel","value":21},{"source":"Mus\u00e9","target":"Delbracio","value":21},{"source":"Mus\u00e9","target":"Almansa","value":32},{"source":"Kazmierski","target":"Erasme","value":21},{"source":"Kazmierski","target":"Chaibi","value":9},{"source":"Kazmierski","target":"Anfray","value":19},{"source":"Kazmierski","target":"Chanclou","value":12},{"source":"Kazmierski","target":"Aupetit-berthelemot","value":19},{"source":"Kazmierski","target":"Kechaou","value":14},{"source":"Kazmierski","target":"Aubin","value":14},{"source":"Bevacqua","target":"Pelachaud","value":3},{"source":"Wiart","target":"Yang","value":14},{"source":"Wiart","target":"Bloch","value":19},{"source":"Naacke","target":"Abdessalem","value":17},{"source":"Naacke","target":"Gueye","value":16},{"source":"Naviner","target":"Dhia","value":29},{"source":"Naviner","target":"Ben Dhia","value":18},{"source":"Naviner","target":"Matherat","value":3},{"source":"Naviner","target":"Pagliarini","value":12},{"source":"Naviner","target":"Alves De Barros Naviner","value":15},{"source":"Naviner","target":"Slimani","value":7},{"source":"Naviner","target":"De","value":12},{"source":"M\u00fcller","target":"Bailly","value":8},{"source":"M\u00fcller","target":"M\u00f8ller","value":8},{"source":"M\u00f8ller","target":"Bailly","value":8},{"source":"M\u00f8ller","target":"M\u00fcller","value":8},{"source":"Prepin","target":"Pelachaud","value":19},{"source":"Ravenet","target":"Pelachaud","value":5},{"source":"Ravenet","target":"Ochs","value":13},{"source":"Vincent","target":"Richard","value":5},{"source":"Vincent","target":"Jaureguiberry","value":5},{"source":"Karpushin","target":"Valenzise","value":7},{"source":"Karpushin","target":"Dufaux","value":7},{"source":"Diamanti","target":"Frey","value":11},{"source":"Diamanti","target":"Ghalbouni","value":7},{"source":"Diamanti","target":"Agha","value":11},{"source":"Diamanti","target":"Zaquine","value":15},{"source":"K\u00e9lif","target":"Coupechoux","value":16},{"source":"K\u00e9lif","target":"Kelif","value":16},{"source":"Tupin","target":"Nicolas","value":8},{"source":"Tupin","target":"Denis","value":11},{"source":"Tupin","target":"Deledalle","value":31},{"source":"Godlewski","target":"Coupechoux","value":13},{"source":"Godlewski","target":"Kelif","value":11},{"source":"Laine","target":"Angelini","value":6},{"source":"Gagnaire","target":"Haddad","value":18},{"source":"Boubendir","target":"Simoni","value":13},{"source":"Boubendir","target":"Bertin","value":13},{"source":"Nemoianu","target":"Pesquet-popescu","value":14},{"source":"Nemoianu","target":"Greco","value":16},{"source":"Nemoianu","target":"Cagnazzo","value":16},{"source":"Rioul","target":"Guiard","value":9},{"source":"Rioul","target":"Heuser","value":15},{"source":"Rioul","target":"Guilley","value":23},{"source":"Delon","target":"Gousseau","value":6},{"source":"Eisemann","target":"Neyret","value":2},{"source":"Eisemann","target":"Crassin","value":2},{"source":"Eisemann","target":"Ritschel","value":6},{"source":"Eisemann","target":"Sainz","value":2},{"source":"Trouv\u00e9","target":"Nicolas","value":27},{"source":"Trouv\u00e9","target":"Fallourd","value":6},{"source":"Trouv\u00e9","target":"Vernier","value":6},{"source":"Trouv\u00e9","target":"Harant","value":1},{"source":"Trouv\u00e9","target":"Gay","value":6},{"source":"Begaud","target":"Lepage","value":1},{"source":"Maazaoui","target":"Abed-meraim","value":2},{"source":"Maazaoui","target":"Grenier","value":7},{"source":"Boubekeur","target":"Thiery","value":23},{"source":"Valenti","target":"Rossi","value":2},{"source":"Thiery","target":"Boubekeur","value":15},{"source":"Abiteboul","target":"Senellart","value":22},{"source":"Abiteboul","target":"Amsterdamer","value":6},{"source":"Abiteboul","target":"Milo","value":6},{"source":"Chierchia","target":"Pesquet","value":8},{"source":"Chierchia","target":"Pesquet-popescu","value":20},{"source":"Chierchia","target":"Pustelnik","value":7},{"source":"Ghalbouni","target":"Frey","value":3},{"source":"Ghalbouni","target":"Diamanti","value":4},{"source":"Ghalbouni","target":"Agha","value":3},{"source":"Ghalbouni","target":"Zaquine","value":4},{"source":"Angelini","target":"Laine","value":7},{"source":"Angelini","target":"Bloch","value":34},{"source":"Angelini","target":"Grang\u00e9","value":16},{"source":"Angelini","target":"Olivo-marin","value":23},{"source":"Angelini","target":"Le Montagner","value":22},{"source":"Angelini","target":"Dahdouh","value":13},{"source":"Pesquet","target":"Chierchia","value":9},{"source":"Pesquet","target":"Pesquet-popescu","value":34},{"source":"Pesquet","target":"Pustelnik","value":7},{"source":"Urien","target":"Pujolle","value":78},{"source":"Urien","target":"Fraga","value":11},{"source":"Urien","target":"Davi","value":11},{"source":"Urien","target":"Aissaoui-mehrez","value":74},{"source":"Urien","target":"B\u00f6ger","value":11},{"source":"Urien","target":"Joni","value":11},{"source":"Urien","target":"Joni Da Silva","value":11},{"source":"Urien","target":"Kiennert","value":1},{"source":"Urien","target":"Vi","value":11},{"source":"Urien","target":"Jussieu","value":11},{"source":"Urien","target":"Da","value":11},{"source":"Urien","target":"Aissaoui","value":50},{"source":"Urien","target":"Curie","value":11},{"source":"Urien","target":"Security","value":11},{"source":"Urien","target":"Davi Da Silva","value":11},{"source":"Vernier","target":"Nicolas","value":3},{"source":"Vernier","target":"Fallourd","value":3},{"source":"Vernier","target":"Trouv\u00e9","value":3},{"source":"Vernier","target":"Harant","value":1},{"source":"Vernier","target":"Gay","value":3},{"source":"Magron","target":"David","value":12},{"source":"Magron","target":"Badeau","value":14},{"source":"Boukhatem","target":"Nguyen","value":2},{"source":"Boukhatem","target":"Vu","value":2},{"source":"Kaaniche","target":"Pesquet-popescu","value":13},{"source":"Simoni","target":"Boubendir","value":15},{"source":"Simoni","target":"Bertin","value":15},{"source":"Perrault","target":"Guiard","value":28},{"source":"Perrault","target":"Eagan","value":3},{"source":"Perrault","target":"Malacria","value":2},{"source":"Perrault","target":"Lecolinet","value":21},{"source":"Abdessalem","target":"Nguyen","value":1},{"source":"Abdessalem","target":"Wang","value":2},{"source":"Abdessalem","target":"Senellart","value":41},{"source":"Abdessalem","target":"Lu","value":2},{"source":"Abdessalem","target":"Amsterdamer","value":4},{"source":"Abdessalem","target":"Lin","value":2},{"source":"Abdessalem","target":"Dhia","value":4},{"source":"Abdessalem","target":"Naacke","value":30},{"source":"Abdessalem","target":"Prepin","value":2},{"source":"Abdessalem","target":"Abiteboul","value":4},{"source":"Abdessalem","target":"Deutch","value":4},{"source":"Abdessalem","target":"Pr\u00e9pin","value":1},{"source":"Abdessalem","target":"Le Feuvre","value":2},{"source":"Abdessalem","target":"Chen","value":4},{"source":"Abdessalem","target":"Pelachaud","value":3},{"source":"Abdessalem","target":"Ba","value":29},{"source":"Abdessalem","target":"Bouzakaria","value":1},{"source":"Abdessalem","target":"Arti\u00e8res","value":1},{"source":"Abdessalem","target":"Oita","value":1},{"source":"Abdessalem","target":"Milo","value":4},{"source":"Abdessalem","target":"Du","value":2},{"source":"Abdessalem","target":"Lamine Ba","value":29},{"source":"Abdessalem","target":"Maniu","value":3},{"source":"Abdessalem","target":"Ding","value":1},{"source":"Abdessalem","target":"Cautis","value":13},{"source":"Abdessalem","target":"Huang","value":2},{"source":"Abdessalem","target":"Souihli","value":3},{"source":"Abdessalem","target":"Gueye","value":29},{"source":"Abdessalem","target":"Concolato","value":6},{"source":"Le","target":"Hanoune","value":11},{"source":"Le","target":"Pelachaud","value":38},{"source":"Le","target":"Paristech","value":11},{"source":"Le","target":"Quoc","value":34},{"source":"Le","target":"Huang","value":23},{"source":"Le Feuvre","target":"Parmentier","value":5},{"source":"Le Feuvre","target":"Nguyen","value":15},{"source":"Le Feuvre","target":"Bouqueau","value":35},{"source":"Le Feuvre","target":"Raulet","value":7},{"source":"Le Feuvre","target":"Bouzakaria","value":6},{"source":"Le Feuvre","target":"Feuvre","value":35},{"source":"Le Feuvre","target":"Daguet","value":5},{"source":"Le Feuvre","target":"Thiesse","value":5},{"source":"Le Feuvre","target":"Moissinac","value":19},{"source":"Le Feuvre","target":"Dufourd","value":17},{"source":"Le Feuvre","target":"Concolato","value":65},{"source":"Vallet","target":"Hachem","value":8},{"source":"Vallet","target":"Najim","value":1},{"source":"Vallet","target":"Mestre","value":2},{"source":"Grillot","target":"Erasme","value":5},{"source":"Grillot","target":"Wang","value":11},{"source":"Grillot","target":"Even","value":10},{"source":"Grillot","target":"Schires","value":5},{"source":"Chen","target":"Lin","value":4},{"source":"Delbracio","target":"Morel","value":21},{"source":"Delbracio","target":"Mus\u00e9","value":21},{"source":"Delbracio","target":"Almansa","value":21},{"source":"Coupechoux","target":"Cheikh","value":19},{"source":"Coupechoux","target":"K\u00e9lif","value":39},{"source":"Coupechoux","target":"Godlewski","value":32},{"source":"Coupechoux","target":"Ben Cheikh","value":5},{"source":"Coupechoux","target":"Ben","value":4},{"source":"Coupechoux","target":"Dorra","value":19},{"source":"Coupechoux","target":"Kelif","value":50},{"source":"Pelachaud","target":"Senellart","value":4},{"source":"Pelachaud","target":"Pecune","value":25},{"source":"Pelachaud","target":"Niewiadomski","value":31},{"source":"Pelachaud","target":"Biancardi","value":6},{"source":"Pelachaud","target":"Bevacqua","value":5},{"source":"Pelachaud","target":"Sabouret","value":3},{"source":"Pelachaud","target":"Prepin","value":48},{"source":"Pelachaud","target":"Ravenet","value":25},{"source":"Pelachaud","target":"Mancini","value":21},{"source":"Pelachaud","target":"Pr\u00e9pin","value":25},{"source":"Pelachaud","target":"Abdessalem","value":1},{"source":"Pelachaud","target":"Le","value":49},{"source":"Pelachaud","target":"Le Feuvre","value":2},{"source":"Pelachaud","target":"Hanoune","value":5},{"source":"Pelachaud","target":"Paristech","value":5},{"source":"Pelachaud","target":"Callejas","value":13},{"source":"Pelachaud","target":"Jones","value":2},{"source":"Pelachaud","target":"Chollet","value":23},{"source":"Pelachaud","target":"Quoc","value":45},{"source":"Pelachaud","target":"Fourati","value":41},{"source":"Pelachaud","target":"Arti\u00e8res","value":40},{"source":"Pelachaud","target":"Varni","value":6},{"source":"Pelachaud","target":"De Sevin","value":1},{"source":"Pelachaud","target":"Ding","value":80},{"source":"Pelachaud","target":"Huang","value":75},{"source":"Pelachaud","target":"Ochs","value":91},{"source":"Pelachaud","target":"Concolato","value":1},{"source":"Xing","target":"Pesquet-popescu","value":1},{"source":"Xing","target":"Dufaux","value":1},{"source":"Essid","target":"Liutkus","value":3},{"source":"Essid","target":"Richard","value":31},{"source":"Bloch","target":"Yang","value":14},{"source":"Bloch","target":"Vanegas","value":3},{"source":"Bloch","target":"Wiart","value":19},{"source":"Bloch","target":"Bretto","value":2},{"source":"Bloch","target":"Angelini","value":19},{"source":"Bloch","target":"Orensanz","value":2},{"source":"Bloch","target":"Irrera","value":3},{"source":"Bloch","target":"Rossant","value":51},{"source":"Bloch","target":"Boisgontier","value":2},{"source":"Bloch","target":"Paques","value":27},{"source":"Bloch","target":"Verma","value":3},{"source":"Bloch","target":"P\u00e2ques","value":14},{"source":"Bloch","target":"Hudelot","value":35},{"source":"Bloch","target":"Dahdouh","value":8},{"source":"Bloch","target":"Delplanque","value":3},{"source":"Bloch","target":"Ghorbel","value":5},{"source":"Bloch","target":"Inglada","value":3},{"source":"Bloch","target":"Atif","value":80},{"source":"Bloch","target":"Dubuisson","value":18},{"source":"Souissi","target":"Danger","value":4},{"source":"Souissi","target":"Guilley","value":4},{"source":"Eagan","target":"Guiard","value":2},{"source":"Eagan","target":"Bailly","value":3},{"source":"Eagan","target":"Beaudouin-lafon","value":1},{"source":"Eagan","target":"Lecolinet","value":25},{"source":"Eagan","target":"Mackay","value":1},{"source":"Najm","target":"Bhasin","value":17},{"source":"Najm","target":"Danger","value":21},{"source":"Najm","target":"Guilley","value":17},{"source":"Pesquet-popescu","target":"Capman","value":12},{"source":"Pesquet-popescu","target":"Abou-elailah","value":7},{"source":"Pesquet-popescu","target":"D\u00e9combas","value":18},{"source":"Pesquet-popescu","target":"Farah","value":21},{"source":"Pesquet-popescu","target":"Nemoianu","value":20},{"source":"Pesquet-popescu","target":"Chierchia","value":19},{"source":"Pesquet-popescu","target":"Pesquet","value":34},{"source":"Pesquet-popescu","target":"Kaaniche","value":14},{"source":"Pesquet-popescu","target":"Xing","value":1},{"source":"Pesquet-popescu","target":"Pustelnik","value":7},{"source":"Pesquet-popescu","target":"Greco","value":43},{"source":"Pesquet-popescu","target":"Pesquet-","value":4},{"source":"Pesquet-popescu","target":"Renan","value":12},{"source":"Pesquet-popescu","target":"Petrazzuoli","value":9},{"source":"Pesquet-popescu","target":"Cagnazzo","value":120},{"source":"Pesquet-popescu","target":"Dufaux","value":85},{"source":"Irrera","target":"Bloch","value":3},{"source":"Irrera","target":"Delplanque","value":3},{"source":"Hudry","target":"Auger","value":8},{"source":"Hudry","target":"Honkala","value":9},{"source":"Hudry","target":"Lobstein","value":47},{"source":"Hudry","target":"Charon","value":80},{"source":"Rekaya-ben Othman","target":"Rekaya Ben Othman","value":1},{"source":"Rekaya Ben Othman","target":"Rekaya-ben Othman","value":1},{"source":"Moulines","target":"Fort","value":12},{"source":"Pustelnik","target":"Chierchia","value":7},{"source":"Pustelnik","target":"Pesquet","value":7},{"source":"Pustelnik","target":"Pesquet-popescu","value":7},{"source":"Lalanda","target":"Diaconescu","value":14},{"source":"Ba","target":"Senellart","value":14},{"source":"Ba","target":"Abdessalem","value":14},{"source":"Ba","target":"Lamine Ba","value":14},{"source":"Rossant","target":"Orensanz","value":2},{"source":"Rossant","target":"Bloch","value":47},{"source":"Rossant","target":"Boisgontier","value":2},{"source":"Rossant","target":"Paques","value":23},{"source":"Rossant","target":"Verma","value":3},{"source":"Rossant","target":"P\u00e2ques","value":14},{"source":"Rossant","target":"Ghorbel","value":1},{"source":"Ware","target":"Samoud","value":2},{"source":"Ware","target":"Lourdiane","value":2},{"source":"Borde","target":"Pautet","value":2},{"source":"Denis","target":"Tupin","value":9},{"source":"Denis","target":"Deledalle","value":9},{"source":"Richard","target":"Bourmeyster","value":1},{"source":"Richard","target":"David","value":20},{"source":"Richard","target":"Liutkus","value":42},{"source":"Richard","target":"Vincent","value":6},{"source":"Richard","target":"Essid","value":34},{"source":"Richard","target":"Daudet","value":17},{"source":"Richard","target":"Badeau","value":67},{"source":"Richard","target":"Jaureguiberry","value":6},{"source":"Richard","target":"Fuentes","value":6},{"source":"Richard","target":"Grenier","value":15},{"source":"Ben Dhia","target":"Dhia","value":7},{"source":"Ben Dhia","target":"Naviner","value":8},{"source":"Ben Dhia","target":"Alves De Barros Naviner","value":4},{"source":"Chollet","target":"Petrovska-delacr\u00e9taz","value":7},{"source":"Chollet","target":"Pelachaud","value":16},{"source":"Chollet","target":"Boudy","value":11},{"source":"Chollet","target":"Pammi","value":3},{"source":"Chollet","target":"Khemiri","value":1},{"source":"Chollet","target":"Ochs","value":4},{"source":"Quoc","target":"Le","value":22},{"source":"Quoc","target":"Pelachaud","value":22},{"source":"Quoc","target":"Huang","value":13},{"source":"Tchamkerten","target":"Tse","value":2},{"source":"Tchamkerten","target":"Chandar","value":10},{"source":"Msahli","target":"Serhrouchni","value":10},{"source":"Honkala","target":"Hudry","value":1},{"source":"Honkala","target":"Lobstein","value":1},{"source":"Aupetit-berthelemot","target":"Erasme","value":29},{"source":"Aupetit-berthelemot","target":"Chaibi","value":11},{"source":"Aupetit-berthelemot","target":"Anfray","value":27},{"source":"Aupetit-berthelemot","target":"Chanclou","value":22},{"source":"Aupetit-berthelemot","target":"Kazmierski","value":20},{"source":"Aupetit-berthelemot","target":"Anet Neto","value":2},{"source":"Aupetit-berthelemot","target":"Kechaou","value":13},{"source":"Aupetit-berthelemot","target":"Aubin","value":15},{"source":"Saucez","target":"Iannone","value":1},{"source":"Terchoune","target":"Gati","value":5},{"source":"Terchoune","target":"Laheurte","value":5},{"source":"Terchoune","target":"D'errico","value":5},{"source":"Terchoune","target":"Roblin","value":5},{"source":"Terchoune","target":"Lautru","value":5},{"source":"Terchoune","target":"Alv\u00e8s","value":5},{"source":"Terchoune","target":"Bouttout","value":5},{"source":"Almansa","target":"Morel","value":26},{"source":"Almansa","target":"Mus\u00e9","value":32},{"source":"Almansa","target":"Delbracio","value":21},{"source":"Greco","target":"Nemoianu","value":17},{"source":"Greco","target":"Pesquet-popescu","value":38},{"source":"Greco","target":"Cagnazzo","value":37},{"source":"Fourati","target":"Pelachaud","value":19},{"source":"Boudy","target":"Chollet","value":10},{"source":"Laheurte","target":"Gati","value":5},{"source":"Laheurte","target":"Terchoune","value":5},{"source":"Laheurte","target":"D'errico","value":5},{"source":"Laheurte","target":"Roblin","value":5},{"source":"Laheurte","target":"Lautru","value":5},{"source":"Laheurte","target":"Alv\u00e8s","value":5},{"source":"Laheurte","target":"Bouttout","value":5},{"source":"Najim","target":"Hachem","value":18},{"source":"Najim","target":"Vallet","value":7},{"source":"Najim","target":"Loubaton","value":6},{"source":"Najim","target":"Kharouf","value":3},{"source":"Danger","target":"Bhasin","value":50},{"source":"Danger","target":"Maghrebi","value":20},{"source":"Danger","target":"Cherif","value":5},{"source":"Danger","target":"Souissi","value":6},{"source":"Danger","target":"Najm","value":32},{"source":"Danger","target":"Lozac'h","value":3},{"source":"Danger","target":"Mathieu","value":27},{"source":"Danger","target":"Sauvage","value":17},{"source":"Danger","target":"Bossuet","value":1},{"source":"Danger","target":"Homma","value":12},{"source":"Danger","target":"Hayashi","value":7},{"source":"Danger","target":"Nassar","value":10},{"source":"Danger","target":"Ben Romdhane","value":1},{"source":"Danger","target":"Graba","value":27},{"source":"Danger","target":"Guilley","value":130},{"source":"Tierny","target":"Pascucci","value":3},{"source":"Feuvre","target":"Bouqueau","value":20},{"source":"Feuvre","target":"Le Feuvre","value":20},{"source":"Feuvre","target":"Moissinac","value":3},{"source":"Feuvre","target":"Dufourd","value":1},{"source":"Feuvre","target":"Concolato","value":20},{"source":"Diaconescu","target":"David","value":4},{"source":"Diaconescu","target":"Demeure","value":15},{"source":"Diaconescu","target":"Frey","value":18},{"source":"Diaconescu","target":"Lalanda","value":18},{"source":"Arti\u00e8res","target":"Pelachaud","value":10},{"source":"Arti\u00e8res","target":"Ding","value":10},{"source":"Arti\u00e8res","target":"Huang","value":2},{"source":"Mathieu","target":"Bhasin","value":1},{"source":"Mathieu","target":"Danger","value":11},{"source":"Mathieu","target":"Graba","value":6},{"source":"Kelif","target":"K\u00e9lif","value":17},{"source":"Kelif","target":"Godlewski","value":11},{"source":"Kelif","target":"Coupechoux","value":28},{"source":"Sauvage","target":"Danger","value":11},{"source":"Sauvage","target":"Homma","value":1},{"source":"Sauvage","target":"Hayashi","value":1},{"source":"Sauvage","target":"Guilley","value":3},{"source":"Bertin","target":"Boubendir","value":13},{"source":"Bertin","target":"Simoni","value":13},{"source":"Lobstein","target":"Hudry","value":41},{"source":"Lobstein","target":"Auger","value":4},{"source":"Lobstein","target":"Honkala","value":9},{"source":"Lobstein","target":"Charon","value":15},{"source":"D'errico","target":"Gati","value":6},{"source":"D'errico","target":"Terchoune","value":6},{"source":"D'errico","target":"Laheurte","value":6},{"source":"D'errico","target":"Roblin","value":9},{"source":"D'errico","target":"Lautru","value":6},{"source":"D'errico","target":"Alv\u00e8s","value":6},{"source":"D'errico","target":"Bouttout","value":6},{"source":"Loumeau","target":"Nguyen","value":14},{"source":"D\u00e9tienne","target":"Burkhardt","value":2},{"source":"Olivo-marin","target":"Angelini","value":20},{"source":"Olivo-marin","target":"Le Montagner","value":19},{"source":"Mendieta","target":"Arizu","value":4},{"source":"Mendieta","target":"Gallion","value":4},{"source":"Agha","target":"Frey","value":4},{"source":"Agha","target":"Diamanti","value":4},{"source":"Agha","target":"Zaquine","value":4},{"source":"Harant","target":"Nicolas","value":1},{"source":"Harant","target":"Fallourd","value":1},{"source":"Harant","target":"Trouv\u00e9","value":1},{"source":"Harant","target":"Vernier","value":1},{"source":"Harant","target":"Gay","value":1},{"source":"Zaquine","target":"Frey","value":11},{"source":"Zaquine","target":"Diamanti","value":15},{"source":"Zaquine","target":"Ghalbouni","value":7},{"source":"Zaquine","target":"Agha","value":11},{"source":"Verdier","target":"Licoppe","value":2},{"source":"Renan","target":"Capman","value":4},{"source":"Renan","target":"D\u00e9combas","value":4},{"source":"Renan","target":"Pesquet-popescu","value":4},{"source":"Renan","target":"Dufaux","value":4},{"source":"Paques","target":"Bloch","value":16},{"source":"Paques","target":"Rossant","value":16},{"source":"Paques","target":"P\u00e2ques","value":1},{"source":"Carlet","target":"Guilley","value":11},{"source":"Kechaou","target":"Erasme","value":16},{"source":"Kechaou","target":"Anfray","value":10},{"source":"Kechaou","target":"Chanclou","value":10},{"source":"Kechaou","target":"Kazmierski","value":12},{"source":"Kechaou","target":"Aupetit-berthelemot","value":10},{"source":"Kechaou","target":"Aubin","value":12},{"source":"Pautet","target":"Borde","value":7},{"source":"Dugelay","target":"Tanzi","value":1},{"source":"Dugelay","target":"Apvrille","value":2},{"source":"Malacria","target":"Guiard","value":19},{"source":"Malacria","target":"Eagan","value":3},{"source":"Malacria","target":"Lecolinet","value":23},{"source":"Roblin","target":"Gati","value":8},{"source":"Roblin","target":"Terchoune","value":8},{"source":"Roblin","target":"Laheurte","value":8},{"source":"Roblin","target":"D'errico","value":12},{"source":"Roblin","target":"Lautru","value":8},{"source":"Roblin","target":"Alv\u00e8s","value":8},{"source":"Roblin","target":"Bouttout","value":8},{"source":"Roblin","target":"Sibille","value":3},{"source":"Milo","target":"Senellart","value":4},{"source":"Milo","target":"Amsterdamer","value":4},{"source":"Milo","target":"Abiteboul","value":4},{"source":"Lautru","target":"Gati","value":5},{"source":"Lautru","target":"Terchoune","value":5},{"source":"Lautru","target":"Laheurte","value":5},{"source":"Lautru","target":"D'errico","value":5},{"source":"Lautru","target":"Roblin","value":5},{"source":"Lautru","target":"Alv\u00e8s","value":5},{"source":"Lautru","target":"Bouttout","value":5},{"source":"Valenzise","target":"Karpushin","value":7},{"source":"Valenzise","target":"Dufaux","value":33},{"source":"Aubin","target":"Erasme","value":16},{"source":"Aubin","target":"Chaibi","value":4},{"source":"Aubin","target":"Anfray","value":14},{"source":"Aubin","target":"Chanclou","value":14},{"source":"Aubin","target":"Kazmierski","value":14},{"source":"Aubin","target":"Aupetit-berthelemot","value":14},{"source":"Aubin","target":"Kechaou","value":14},{"source":"Bianchi","target":"Hachem","value":3},{"source":"Natouri","target":"Lac","value":2},{"source":"Lac","target":"Natouri","value":2},{"source":"Tendero","target":"Morel","value":8},{"source":"Verma","target":"Bloch","value":1},{"source":"Verma","target":"Rossant","value":1},{"source":"Vu","target":"Nguyen","value":2},{"source":"Vu","target":"Boukhatem","value":2},{"source":"P\u00e2ques","target":"Bloch","value":5},{"source":"P\u00e2ques","target":"Rossant","value":5},{"source":"Moissinac","target":"Le Feuvre","value":9},{"source":"Moissinac","target":"Dufourd","value":7},{"source":"Moissinac","target":"Concolato","value":8},{"source":"Hudelot","target":"Bloch","value":19},{"source":"Hudelot","target":"Atif","value":19},{"source":"Le Montagner","target":"Angelini","value":11},{"source":"Le Montagner","target":"Olivo-marin","value":11},{"source":"Tubaro","target":"Casilli","value":6},{"source":"Apvrille","target":"Knorreck","value":19},{"source":"Apvrille","target":"Tanzi","value":21},{"source":"Apvrille","target":"Becoulet","value":7},{"source":"Apvrille","target":"Enrici","value":5},{"source":"Apvrille","target":"Ameur-boulifa","value":3},{"source":"Apvrille","target":"Idrees","value":26},{"source":"Apvrille","target":"Lugou","value":13},{"source":"Apvrille","target":"Pedroza","value":21},{"source":"Apvrille","target":"Dugelay","value":12},{"source":"Apvrille","target":"Roudier","value":59},{"source":"Apvrille","target":"Pacalet","value":22},{"source":"Apvrille","target":"De Saqui-sannes","value":26},{"source":"Dahdouh","target":"Angelini","value":1},{"source":"Dahdouh","target":"Bloch","value":8},{"source":"Burkhardt","target":"D\u00e9tienne","value":2},{"source":"Alves De Barros Naviner","target":"Naviner","value":6},{"source":"Alves De Barros Naviner","target":"Ben Dhia","value":1},{"source":"Deledalle","target":"Tupin","value":31},{"source":"Deledalle","target":"Denis","value":11},{"source":"Dessalles","target":"Saillenfest","value":1},{"source":"Pammi","target":"Chollet","value":3},{"source":"Daudet","target":"Richard","value":17},{"source":"Lamine Ba","target":"Senellart","value":18},{"source":"Lamine Ba","target":"Abdessalem","value":18},{"source":"Lamine Ba","target":"Ba","value":18},{"source":"Homma","target":"Danger","value":2},{"source":"Homma","target":"Guilley","value":1},{"source":"Maniu","target":"Cautis","value":4},{"source":"Ding","target":"Prepin","value":2},{"source":"Ding","target":"Mancini","value":6},{"source":"Ding","target":"Pr\u00e9pin","value":5},{"source":"Ding","target":"Pelachaud","value":51},{"source":"Ding","target":"Arti\u00e8res","value":17},{"source":"Ding","target":"Huang","value":13},{"source":"Delplanque","target":"Bloch","value":3},{"source":"Delplanque","target":"Irrera","value":3},{"source":"Khemiri","target":"Petrovska-delacr\u00e9taz","value":1},{"source":"Khemiri","target":"Chollet","value":1},{"source":"Gramfort","target":"Varoquaux","value":8},{"source":"Gramfort","target":"Strohmeier","value":6},{"source":"Gramfort","target":"Engemann","value":4},{"source":"Gramfort","target":"Larson","value":4},{"source":"Gramfort","target":"Thirion","value":14},{"source":"Dufourd","target":"Le Feuvre","value":17},{"source":"Dufourd","target":"Thomas","value":4},{"source":"Dufourd","target":"Moissinac","value":17},{"source":"Dufourd","target":"Concolato","value":31},{"source":"Baglioni","target":"Guiard","value":6},{"source":"Baglioni","target":"Lecolinet","value":6},{"source":"Cautis","target":"Maniu","value":6},{"source":"Huang","target":"Pr\u00e9pin","value":2},{"source":"Huang","target":"Le","value":8},{"source":"Huang","target":"Pelachaud","value":32},{"source":"Huang","target":"Quoc","value":4},{"source":"Huang","target":"Arti\u00e8res","value":3},{"source":"Huang","target":"Ding","value":8},{"source":"Lecolinet","target":"Vo","value":14},{"source":"Lecolinet","target":"Guiard","value":99},{"source":"Lecolinet","target":"Bailly","value":52},{"source":"Lecolinet","target":"Perrault","value":26},{"source":"Lecolinet","target":"Eagan","value":42},{"source":"Lecolinet","target":"Malacria","value":34},{"source":"Lecolinet","target":"Baglioni","value":19},{"source":"Lecolinet","target":"Serrano","value":1},{"source":"Lecolinet","target":"Bailly@","value":1},{"source":"Iannone","target":"Saucez","value":8},{"source":"Iannone","target":"Donnet","value":3},{"source":"Mazloum","target":"Sibille","value":1},{"source":"Casilli","target":"Tubaro","value":10},{"source":"Gallion","target":"Zhou","value":5},{"source":"Roudier","target":"Tanzi","value":5},{"source":"Roudier","target":"Idrees","value":3},{"source":"Roudier","target":"Apvrille","value":33},{"source":"Badeau","target":"David","value":40},{"source":"Badeau","target":"Liutkus","value":59},{"source":"Badeau","target":"A\u00ebl Richard","value":2},{"source":"Badeau","target":"Magron","value":16},{"source":"Badeau","target":"Richard","value":81},{"source":"Badeau","target":"Pinel","value":7},{"source":"Badeau","target":"Girin","value":7},{"source":"Badeau","target":"Dr\u00e9meau","value":6},{"source":"Badeau","target":"Ozerov","value":7},{"source":"Badeau","target":"Hennequin","value":9},{"source":"Badeau","target":"Fuentes","value":8},{"source":"Mestre","target":"Hachem","value":4},{"source":"Mestre","target":"Vallet","value":1},{"source":"Nassar","target":"Danger","value":8},{"source":"Nassar","target":"Guilley","value":8},{"source":"Cagnazzo","target":"Abou-elailah","value":7},{"source":"Cagnazzo","target":"Farah","value":12},{"source":"Cagnazzo","target":"Nemoianu","value":22},{"source":"Cagnazzo","target":"Pesquet-popescu","value":117},{"source":"Cagnazzo","target":"Greco","value":40},{"source":"Cagnazzo","target":"Jung","value":2},{"source":"Cagnazzo","target":"Petrazzuoli","value":7},{"source":"Cagnazzo","target":"Dufaux","value":38},{"source":"Aissaoui","target":"Pujolle","value":8},{"source":"Aissaoui","target":"Aissaoui-mehrez","value":4},{"source":"Aissaoui","target":"Urien","value":8},{"source":"Alv\u00e8s","target":"Gati","value":5},{"source":"Alv\u00e8s","target":"Terchoune","value":5},{"source":"Alv\u00e8s","target":"Laheurte","value":5},{"source":"Alv\u00e8s","target":"D'errico","value":5},{"source":"Alv\u00e8s","target":"Roblin","value":5},{"source":"Alv\u00e8s","target":"Lautru","value":5},{"source":"Alv\u00e8s","target":"Bouttout","value":5},{"source":"Pacalet","target":"Apvrille","value":11},{"source":"Souihli","target":"Senellart","value":3},{"source":"Jaureguiberry","target":"Vincent","value":4},{"source":"Jaureguiberry","target":"Richard","value":4},{"source":"Ochs","target":"Pecune","value":5},{"source":"Ochs","target":"Sabouret","value":1},{"source":"Ochs","target":"Ravenet","value":19},{"source":"Ochs","target":"Pelachaud","value":76},{"source":"Ochs","target":"Callejas","value":1},{"source":"Ochs","target":"Chollet","value":7},{"source":"Gousseau","target":"Newson","value":4},{"source":"Gousseau","target":"P\u00e9rez","value":11},{"source":"Gousseau","target":"Delon","value":9},{"source":"Gousseau","target":"Almansa","value":1},{"source":"Hennequin","target":"Badeau","value":4},{"source":"Mackay","target":"Beaudouin-lafon","value":7},{"source":"Mackay","target":"Eagan","value":1},{"source":"Oulasvirta","target":"Bailly","value":11},{"source":"Dufaux","target":"Capman","value":9},{"source":"Dufaux","target":"Koz","value":5},{"source":"Dufaux","target":"Abou-elailah","value":7},{"source":"Dufaux","target":"D\u00e9combas","value":15},{"source":"Dufaux","target":"Lauga","value":2},{"source":"Dufaux","target":"Farah","value":8},{"source":"Dufaux","target":"Karpushin","value":8},{"source":"Dufaux","target":"Xing","value":2},{"source":"Dufaux","target":"Pesquet-popescu","value":79},{"source":"Dufaux","target":"Renan","value":9},{"source":"Dufaux","target":"Valenzise","value":36},{"source":"Dufaux","target":"Cagnazzo","value":34},{"source":"Bouttout","target":"Gati","value":5},{"source":"Bouttout","target":"Terchoune","value":5},{"source":"Bouttout","target":"Laheurte","value":5},{"source":"Bouttout","target":"D'errico","value":5},{"source":"Bouttout","target":"Roblin","value":5},{"source":"Bouttout","target":"Lautru","value":5},{"source":"Bouttout","target":"Alv\u00e8s","value":5},{"source":"Heuser","target":"Rioul","value":17},{"source":"Heuser","target":"Guilley","value":23},{"source":"Serhrouchni","target":"Msahli","value":17},{"source":"Gay","target":"Nicolas","value":3},{"source":"Gay","target":"Fallourd","value":3},{"source":"Gay","target":"Trouv\u00e9","value":3},{"source":"Gay","target":"Vernier","value":3},{"source":"Gay","target":"Harant","value":1},{"source":"Thirion","target":"Varoquaux","value":7},{"source":"Thirion","target":"Gramfort","value":13},{"source":"Graba","target":"Bhasin","value":5},{"source":"Graba","target":"Danger","value":18},{"source":"Graba","target":"Mathieu","value":9},{"source":"Ritschel","target":"Eisemann","value":3},{"source":"Guilley","target":"Bhasin","value":41},{"source":"Guilley","target":"Maghrebi","value":9},{"source":"Guilley","target":"Rioul","value":29},{"source":"Guilley","target":"Souissi","value":8},{"source":"Guilley","target":"Najm","value":27},{"source":"Guilley","target":"Danger","value":131},{"source":"Guilley","target":"Sauvage","value":6},{"source":"Guilley","target":"Carlet","value":18},{"source":"Guilley","target":"Homma","value":8},{"source":"Guilley","target":"Hayashi","value":3},{"source":"Guilley","target":"Nassar","value":14},{"source":"Guilley","target":"Heuser","value":30},{"source":"Grenier","target":"Bourmeyster","value":4},{"source":"Grenier","target":"Maazaoui","value":7},{"source":"Grenier","target":"Richard","value":16},{"source":"Grenier","target":"Abed-meraim","value":2},{"source":"Gueye","target":"Naacke","value":15},{"source":"Gueye","target":"Abdessalem","value":15},{"source":"Concolato","target":"Nguyen","value":1},{"source":"Concolato","target":"Bouqueau","value":31},{"source":"Concolato","target":"Le Feuvre","value":57},{"source":"Concolato","target":"Feuvre","value":31},{"source":"Concolato","target":"Moissinac","value":18},{"source":"Concolato","target":"Dufourd","value":31},{"source":"Rossini","target":"Rossi","value":7},{"source":"Charon","target":"Hudry","value":58},{"source":"Charon","target":"Lobstein","value":6},{"source":"Licoppe","target":"Dumoulin","value":2},{"source":"Licoppe","target":"Verdier","value":6},{"source":"Atif","target":"Bloch","value":66},{"source":"Atif","target":"Hudelot","value":26},{"source":"Dubuisson","target":"Bloch","value":18},{"source":"De Saqui-sannes","target":"Apvrille","value":8},{"source":"Chandar","target":"Tchamkerten","value":10},{"source":"Chandar","target":"Tse","value":2},{"source":"Sibille","target":"Mazloum","value":2}]}