{"name":"ENST","children":[{"name":"EGSH","children":[{"name":"ECOGE","children":[{"name":"Maya Bacache","size":1},{"name":"David Bounie","size":1},{"name":"Marc Bourreau","size":1},{"name":"Myriam Davidovici-nora","size":1},{"name":"Valérie Fernandez","size":1},{"name":"Laurent Gille","size":1},{"name":"Lukasz Grzybowski","size":1},{"name":"Thomas Houy","size":1},{"name":"Ludovic Lebart","size":1},{"name":"Claire Levallois-barth","size":1},{"name":"Rémi Maniak","size":1},{"name":"Laure Muselli","size":1},{"name":"Gérard Pogorel","size":1},{"name":"Patrick Waelbroeck","size":1}]},{"name":"deixis-sophia","children":[]},{"name":"SPE","children":[{"name":"Michael  Baker","size":1},{"name":"Béatrice  Cahour","size":1},{"name":"Françoise  Detienne","size":1},{"name":"Dana  Diminescu","size":1},{"name":"Laura  Draetta","size":1},{"name":"Julien  Figeac","size":1},{"name":"Christian  Licoppe","size":1},{"name":"Julien  Morel","size":1},{"name":"Marc  Relieu","size":1},{"name":"Caroline  Rizza","size":1}]},{"name":"SHS","children":[{"name":"Nicolas  Auray","size":1},{"name":"Valérie  Beaudouin","size":1},{"name":"Antonio  Casilli","size":1},{"name":"Wilfried Coussieu","size":1},{"name":"Jerôme  Denis","size":1},{"name":"Olivier  Fournout","size":1},{"name":"Isabelle  Garron","size":1},{"name":"Annie  Gentes","size":1},{"name":"Marie-christine  Le","size":1},{"name":"Brigitte  Munier-temime","size":1},{"name":"Pierre  Musso","size":1},{"name":"Dominique  Pasquier","size":1}]}]},{"name":"TSI","children":[{"name":"MM","children":[{"name":"Marco Cagnazzo","size":1},{"name":"Gérard Chollet","size":1},{"name":"Chloé Clavel","size":1},{"name":"Cyril Concolato","size":1},{"name":"Frédéric Dufaux","size":1},{"name":"Jean-claude Dufourd","size":1},{"name":"Jean Le Feuvre","size":1},{"name":"Laurence Likforman","size":1},{"name":"Jean-claude Moissinac","size":1},{"name":"Catherine Pelachaud","size":1},{"name":"Béatrice Pesquet-popescu","size":1},{"name":"Marc Sigelle","size":1},{"name":"Giuseppe Valenzise","size":1}]},{"name":"AAO","children":[{"name":"Roland Badeau","size":1},{"name":"Bertrand David","size":1},{"name":"Slim Essid","size":1},{"name":"Alexandre Gramfort","size":1},{"name":"Yves Grenier","size":1},{"name":"Gaël Richard","size":1}]},{"name":"TII","children":[{"name":"Pascal Bianchi","size":1},{"name":"Gérard Blanchet","size":1},{"name":"Olivier Cappé","size":1},{"name":"Jean-françois Cardoso","size":1},{"name":"Maurice Charbit","size":1},{"name":"Stephan Clémençon","size":1},{"name":"Florence D'alche-buc","size":1},{"name":"Olivier Fercoq","size":1},{"name":"Gersende Fort","size":1},{"name":"Éric Moulines","size":1},{"name":"Francois Portier","size":1},{"name":"François Roueff","size":1},{"name":"Anne Sabourin","size":1},{"name":"Joseph Salmon","size":1}]},{"name":"STA","children":[{"name":"Andrés Almansa","size":1},{"name":"Elsa Angelini","size":1},{"name":"Dominique Asselineau","size":1},{"name":"Isabelle Bloch","size":1},{"name":"Tamy Boubekeur","size":1},{"name":"Hans Brettel","size":1},{"name":"Marine Campedel","size":1},{"name":"Yann Gousseau","size":1},{"name":"Saïd Ladjal","size":1},{"name":"Henri Maître","size":1},{"name":"Pooran Memari","size":1},{"name":"Jean-marie Nicolas","size":1},{"name":"Michel Roux","size":1},{"name":"Hichem Sahbi","size":1},{"name":"Yohann Tendero","size":1},{"name":"Julien Tierny","size":1},{"name":"Florence Tupin","size":1}]}]},{"name":"COMELEC","children":[{"name":"SEN","children":[{"name":"Sumanta Chaudhuri","size":1},{"name":"Jean-luc Danger","size":1},{"name":"Guillaume Duc","size":1},{"name":"Tarik Graba","size":1},{"name":"Philippe Hoogvorst","size":1},{"name":"Philippe Matherat","size":1},{"name":"Yves Mathieu","size":1},{"name":"Lirida Naviner","size":1},{"name":"Alexis Polti","size":1},{"name":"Laurent Sauvage","size":1}]},{"name":"RFM","children":[{"name":"Xavier Begaud","size":1},{"name":"Eric Bergeault","size":1},{"name":"Jean-christophe Cousin","size":1},{"name":"Bernard Huyart","size":1},{"name":"Antoine Khy","size":1},{"name":"Claire Lepage","size":1},{"name":"Christophe Roblin","size":1},{"name":"Alain Sibille","size":1}]},{"name":"LabSoC","children":[{"name":"Rabea Ameur-boulifa","size":1},{"name":"Ludovic Apvrille","size":1},{"name":"Sophie Coudert","size":1},{"name":"Renaud Pacalet","size":1},{"name":"Tullio Tanzi","size":1}]},{"name":"GTO","children":[{"name":"Didier Erasme","size":1},{"name":"Renaud Gabet","size":1},{"name":"Philippe Gallion","size":1},{"name":"Christophe Gosset","size":1},{"name":"Frédéric Grillot","size":1},{"name":"Yves Jaouen","size":1},{"name":"Christophe Minot","size":1},{"name":"Sébastien Popoff","size":1},{"name":"Cedric Ware","size":1}]},{"name":"ComNum","children":[{"name":"Jean-claude Belfiore","size":1},{"name":"Philippe Ciblat","size":1},{"name":"Walid Hachem","size":1},{"name":"Ghaya Rekaya","size":1},{"name":"Olivier Rioul","size":1},{"name":"Georges Rodriguez","size":1},{"name":"Patrick Sole","size":1},{"name":"Aslan Tchamkerten","size":1},{"name":"Michele Wigger","size":1}]},{"name":"C2S","children":[{"name":"Patricia Desgreys","size":1},{"name":"Hussein Fakhoury","size":1},{"name":"Patrick Loumeau","size":1},{"name":"Jean-francois Naviner","size":1},{"name":"Van Tam Nguyen","size":1},{"name":"Herve Petit","size":1}]}]},{"name":"INFRES","children":[{"name":"IC2","children":[{"name":"Talel Abdessalem","size":1},{"name":"Gilles Bailly","size":1},{"name":"Bernard Burtschy","size":1},{"name":"Jean-louis Dessalles","size":1},{"name":"James Eagan","size":1},{"name":"Yves Guiard","size":1},{"name":"Eric Lecolinet","size":1},{"name":"Pierre Senellart","size":1},{"name":"Mauro Sozio","size":1},{"name":"Fabian Suchanek","size":1}]},{"name":"MIC2","children":[{"name":"Irene Charon","size":1},{"name":"Gerard Cohen","size":1},{"name":"Laurent Decreusefond","size":1},{"name":"Olivier Hudry","size":1},{"name":"Antoine Lobstein","size":1},{"name":"David Madore","size":1},{"name":"Bertrand Meyer","size":1},{"name":"Matthieu Rambaud","size":1},{"name":"Hugues Randriambololona","size":1},{"name":"Jacques Sakarovitch","size":1},{"name":"Suleyman Ustunel","size":1}]},{"name":"RMS","children":[{"name":"Sawsan Zahr","size":1},{"name":"Thomas Bonald","size":1},{"name":"Nadia Boukhatem","size":1},{"name":"Marceau Coupechoux","size":1},{"name":"Maurice Gagnaire","size":1},{"name":"Anastasios Giovanidis","size":1},{"name":"Philippe Godlewski","size":1},{"name":"Daniel Kofman","size":1},{"name":"Luigi Iannone","size":1},{"name":"Philippe Martins","size":1},{"name":"Dario Rossi","size":1},{"name":"Jean-louis Rougier","size":1},{"name":"Noémie Simoni","size":1},{"name":"Anaïs Vergne","size":1}]},{"name":"S3","children":[{"name":"Patrick Bellot","size":1},{"name":"Etienne Borde","size":1},{"name":"Patrick Busch","size":1},{"name":"Philippe Dax","size":1},{"name":"Isabelle Demeure","size":1},{"name":"Ada Diaconescu","size":1},{"name":"Serge Gadret","size":1},{"name":"Sebastien Gardoll","size":1},{"name":"Petr Kuznetsov","size":1},{"name":"Gerard Mouret","size":1},{"name":"Elie Najm","size":1},{"name":"Laurent Pautet","size":1},{"name":"Thomas Robert","size":1},{"name":"Remi Sharrock","size":1},{"name":"Samuel Tardieu","size":1},{"name":"Sylvie Vignes","size":1}]},{"name":"SR","children":[{"name":"Hassane Aissaoui","size":1},{"name":"Romain Alleaume","size":1},{"name":"Eleni Diamanti","size":1},{"name":"Rida Khatoun","size":1},{"name":"Houda Labiod","size":1},{"name":"Jean Leneutre","size":1},{"name":"Damian Markham","size":1},{"name":"Michel Riguidel","size":1},{"name":"Ahmed Serhrouchni","size":1},{"name":"Pascal Urien","size":1},{"name":"Isabelle Zaquine","size":1}]}]}]}