[
    {
    "name": "EGSH",
    "groups": [{
        "name": "ECOGE",
        "people": [
            { "familyName" : "BACACHE", "givenName" : "Maya", "uri" : ""  },
            { "familyName" : "BOUNIE", "givenName" : "David", "uri" : ""  },
            { "familyName" : "BOURREAU", "givenName" : "Marc", "uri" : ""  },
            { "familyName" : "DAVIDOVICI-NORA", "givenName" : "Myriam", "uri" : ""  },
            { "familyName" : "FERNANDEZ", "givenName" : "Valérie", "uri" : ""  },
            { "familyName" : "GILLE", "givenName" : "Laurent", "uri" : ""  },
            { "familyName" : "GRZYBOWSKI", "givenName" : "Lukasz", "uri" : ""  },
            { "familyName" : "HOUY", "givenName" : "Thomas", "uri" : ""  },
            { "familyName" : "LEBART", "givenName" : "Ludovic", "uri" : ""  },
            { "familyName" : "LEVALLOIS-BARTH", "givenName" : "Claire", "uri" : ""  },
            { "familyName" : "MANIAK", "givenName" : "Rémi", "uri" : ""  },
            { "familyName" : "MUSELLI", "givenName" : "Laure", "uri" : ""  },
            { "familyName" : "POGOREL", "givenName" : "Gérard", "uri" : ""  },
            { "familyName" : "WAELBROECK", "givenName" : "Patrick", "uri" : ""  }
        ]
    },
    {
        "name": "deixis-sophia",
        "people": []
    },
    {
        "name": "SPE",
        "people": [
            { "familyName": "BAKER", "givenName": "Michael ", "uri": ""},
            { "familyName": "CAHOUR", "givenName": "Béatrice ", "uri": ""},
            { "familyName": "DETIENNE", "givenName": "Françoise ", "uri": ""},
            { "familyName": "DIMINESCU", "givenName": "Dana ", "uri": ""},
            { "familyName": "DRAETTA", "givenName": "Laura ", "uri": ""},
            { "familyName": "FIGEAC", "givenName": "Julien ", "uri": ""},
            { "familyName": "LICOPPE", "givenName": "Christian ", "uri": ""},
            { "familyName": "MOREL", "givenName": "Julien ", "uri": ""},
            { "familyName": "RELIEU", "givenName": "Marc ", "uri": ""},
            { "familyName": "RIZZA", "givenName": "Caroline ", "uri": ""}
        ]
    },
    {
        "name": "SHS",
        "people": [
                { "familyName" : "AURAY", "givenName" : "Nicolas ", "uri" : ""  },
                { "familyName" : "BEAUDOUIN", "givenName" : "Valérie ", "uri" : ""  },
                { "familyName" : "CASILLI", "givenName" : "Antonio ", "uri" : ""  },
                { "familyName" : "COUSSIEU", "givenName" : "Wilfried", "uri" : ""  },
                { "familyName" : "DENIS", "givenName" : "Jerôme ", "uri" : ""  },
                { "familyName" : "FOURNOUT", "givenName" : "Olivier ", "uri" : ""  },
                { "familyName" : "GARRON", "givenName" : "Isabelle ", "uri" : ""  },
                { "familyName" : "GENTES", "givenName" : "Annie ", "uri" : ""  },
                { "familyName" : "LE", "givenName" : "Marie-Christine ", "uri" : ""  },
                { "familyName" : "MUNIER-TEMIME", "givenName" : "Brigitte ", "uri" : ""  },
                { "familyName" : "MUSSO", "givenName" : "Pierre ", "uri" : ""  },
                { "familyName" : "PASQUIER", "givenName" : "Dominique ", "uri" : ""  }
            ]
    }]
},
    {
    "name": "TSI",
    "groups": [{
        "name": "MM",
        "people": [
            { "givenName":"Marco","familyName" : "Cagnazzo",  "uri" : ""  },
            { "givenName":"Gérard","familyName" : "Chollet",  "uri" : ""  },
            { "givenName":"Chloé","familyName" : "Clavel",  "uri" : ""  },
            { "givenName":"Cyril","familyName" : "Concolato",  "uri" : ""  },
            { "givenName":"Frédéric","familyName" : "Dufaux",  "uri" : ""  },
            { "givenName":"Jean-Claude","familyName" : "Dufourd",  "uri" : ""  },
            { "givenName":"Jean","familyName" : "Le Feuvre",  "uri" : ""  },
            { "givenName":"Laurence","familyName" : "Likforman",  "uri" : ""  },
            { "givenName":"Jean-Claude","familyName" : "Moissinac",  "uri" : ""  },
            { "givenName":"Catherine","familyName" : "Pelachaud",  "uri" : ""  },
            { "givenName":"Béatrice","familyName" : "Pesquet-Popescu",  "uri" : ""  },
            { "givenName":"Marc","familyName" : "Sigelle",  "uri" : ""  },
            { "givenName":"Giuseppe","familyName" : "Valenzise",  "uri" : ""  }
        ]
    }, {
        "name": "AAO",
        "people": [    { "givenName":"Roland","familyName" : "Badeau",  "uri" : ""  },
            { "givenName":"Bertrand","familyName" : "David",  "uri" : ""  },
            { "givenName":"Slim","familyName" : "Essid",  "uri" : ""  },
            { "givenName":"Alexandre","familyName" : "Gramfort",  "uri" : ""  },
            { "givenName":"Yves","familyName" : "Grenier",  "uri" : ""  },
            { "givenName":"Gaël","familyName" : "Richard",  "uri" : ""  }
        ]
    }, {
        "name": "TII",
        "people": [    { "givenName":"Pascal","familyName" : "Bianchi",  "uri" : ""  },
            { "givenName":"Gérard","familyName" : "Blanchet",  "uri" : ""  },
            { "givenName":"Olivier","familyName" : "Cappé",  "uri" : ""  },
            { "givenName":"Jean-François","familyName" : "Cardoso",  "uri" : ""  },
            { "givenName":"Maurice","familyName" : "Charbit",  "uri" : ""  },
            { "givenName":"Stephan","familyName" : "Clémençon",  "uri" : ""  },
            { "givenName":"Florence","familyName" : "D'Alche-Buc",  "uri" : ""  },
            { "givenName":"Olivier","familyName" : "Fercoq",  "uri" : ""  },
            { "givenName":"Gersende","familyName" : "Fort",  "uri" : ""  },
            { "givenName":"Éric","familyName" : "Moulines",  "uri" : ""  },
            { "givenName":"Francois","familyName" : "Portier",  "uri" : ""  },
            { "givenName":"François","familyName" : "Roueff",  "uri" : ""  },
            { "givenName":"Anne","familyName" : "Sabourin",  "uri" : ""  },
            { "givenName":"Joseph","familyName" : "Salmon",  "uri" : ""  }
        ]
    }, {
        "name": "STA",
        "people": [    { "givenName":"Andrés","familyName" : "Almansa",  "uri" : ""  },
            { "givenName":"Elsa","familyName" : "Angelini",  "uri" : ""  },
            { "givenName":"Dominique","familyName" : "Asselineau",  "uri" : ""  },
            { "givenName":"Isabelle","familyName" : "Bloch",  "uri" : ""  },
            { "givenName":"Tamy","familyName" : "Boubekeur",  "uri" : ""  },
            { "givenName":"Hans","familyName" : "Brettel",  "uri" : ""  },
            { "givenName":"Marine","familyName" : "Campedel",  "uri" : ""  },
            { "givenName":"Yann","familyName" : "Gousseau",  "uri" : ""  },
            { "givenName":"Saïd","familyName" : "Ladjal",  "uri" : ""  },
            { "givenName":"Henri","familyName" : "Maître",  "uri" : ""  },
            { "givenName":"Pooran","familyName" : "Memari",  "uri" : ""  },
            { "givenName":"Jean-Marie","familyName" : "Nicolas",  "uri" : ""  },
            { "givenName":"Michel","familyName" : "Roux",  "uri" : ""  },
            { "givenName":"Hichem","familyName" : "Sahbi",  "uri" : ""  },
            { "givenName":"Yohann","familyName" : "TENDERO",  "uri" : ""  },
            { "givenName":"Julien","familyName" : "Tierny",  "uri" : ""  },
            { "givenName":"Florence","familyName" : "Tupin",  "uri" : ""  }
        ]
    }]
},
    {
    "name": "COMELEC",
    "groups": [{
        "name": "SEN",
        "people": [
            { "familyName": "Chaudhuri", "givenName": "Sumanta",  "uri": ""  },
            { "familyName": "Danger", "givenName": "Jean-luc",  "uri": ""  },
            { "familyName": "Duc", "givenName": "Guillaume",  "uri": ""  },
            { "familyName": "Graba", "givenName": "Tarik",  "uri": ""  },
            { "familyName": "Hoogvorst", "givenName": "Philippe",  "uri": ""  },
            { "familyName": "Matherat", "givenName": "Philippe",  "uri": ""  },
            { "familyName": "Mathieu", "givenName": "Yves",  "uri": ""  },
            { "familyName": "Naviner", "givenName": "Lirida",  "uri": ""  },
            { "familyName": "Polti", "givenName": "Alexis",  "uri": ""  },
            { "familyName": "Sauvage", "givenName": "Laurent",  "uri": ""  }
        ]
        }, {
        "name": "RFM",
        "people": [
            { "familyName": "Begaud", "givenName": "Xavier",  "uri": ""  },
            { "familyName": "Bergeault", "givenName": "Eric",  "uri": ""  },
            { "familyName": "Cousin", "givenName": "Jean-christophe",  "uri": ""  },
            { "familyName": "Huyart", "givenName": "Bernard",  "uri": ""  },
            { "familyName": "Khy", "givenName": "Antoine",  "uri": ""  },
            { "familyName": "Lepage", "givenName": "Claire",  "uri": ""  },
            { "familyName": "Roblin", "givenName": "Christophe",  "uri": ""  },
            { "familyName": "Sibille", "givenName": "Alain",  "uri": ""  }
        ]
    }, {
        "name": "LabSoC",
        "people": [
            { "familyName": "Ameur-boulifa", "givenName": "Rabea",  "uri": ""  },
            { "familyName": "Apvrille", "givenName": "Ludovic",  "uri": ""  },
            { "familyName": "Coudert", "givenName": "Sophie",  "uri": ""  },
            { "familyName": "Pacalet", "givenName": "Renaud",  "uri": ""  },
            { "familyName": "Tanzi", "givenName": "Tullio",  "uri": ""  }
        ]
    }, {
        "name": "GTO",
        "people": [
            { "familyName": "Erasme", "givenName": "Didier",  "uri": ""  },
            { "familyName": "Gabet", "givenName": "Renaud",  "uri": ""  },
            { "familyName": "Gallion", "givenName": "Philippe",  "uri": ""  },
            { "familyName": "Gosset", "givenName": "Christophe",  "uri": ""  },
            { "familyName": "Grillot", "givenName": "Frédéric",  "uri": ""  },
            { "familyName": "Jaouen", "givenName": "Yves",  "uri": ""  },
            { "familyName": "Minot", "givenName": "Christophe",  "uri": ""  },
            { "familyName": "Popoff", "givenName": "Sébastien",  "uri": ""  },
            { "familyName": "Ware", "givenName": "Cedric",  "uri": ""  }
            ]
    }, {
        "name": "ComNum",
        "people": [
            { "familyName": "Belfiore", "givenName": "Jean-claude",  "uri": ""  },
            { "familyName": "Ciblat", "givenName": "Philippe",  "uri": ""  },
            { "familyName": "Hachem", "givenName": "Walid",  "uri": ""  },
            { "familyName": "Rekaya", "givenName": "Ghaya",  "uri": ""  },
            { "familyName": "Rioul", "givenName": "Olivier",  "uri": ""  },
            { "familyName": "Rodriguez", "givenName": "Georges",  "uri": ""  },
            { "familyName": "Sole", "givenName": "Patrick",  "uri": ""  },
            { "familyName": "Tchamkerten", "givenName": "Aslan",  "uri": ""  },
            { "familyName": "Wigger", "givenName": "Michele",  "uri": ""  }
        ]
    }, {
        "name": "C2S",
        "people": [
            { "familyName": "Desgreys", "givenName": "Patricia",  "uri": ""  },
            { "familyName": "Fakhoury", "givenName": "Hussein",  "uri": ""  },
            { "familyName": "Loumeau", "givenName": "Patrick",  "uri": ""  },
            { "familyName": "Naviner", "givenName": "Jean-francois",  "uri": ""  },
            { "familyName": "Nguyen", "givenName": "Van Tam",  "uri": ""  },
            { "familyName": "Petit", "givenName": "Herve",  "uri": ""  }
        ]
    }]
},
    {
    "name": "INFRES",
    "groups": [{
        "name": "IC2",
        "people": [
            { "familyName" : "ABDESSALEM", "givenName" : "Talel", "uri" : ""  },
            { "familyName" : "BAILLY", "givenName" : "Gilles", "uri" : ""  },
            { "familyName" : "BURTSCHY", "givenName" : "Bernard", "uri" : ""  },
            { "familyName" : "DESSALLES", "givenName" : "Jean-Louis", "uri" : ""  },
            { "familyName" : "EAGAN", "givenName" : "James", "uri" : ""  },
            { "familyName" : "GUIARD", "givenName" : "Yves", "uri" : ""  },
            { "familyName" : "LECOLINET", "givenName" : "Eric", "uri" : ""  },
            { "familyName" : "SENELLART", "givenName" : "Pierre", "uri" : ""  },
            { "familyName" : "SOZIO", "givenName" : "Mauro", "uri" : ""  },
            { "familyName" : "SUCHANEK", "givenName" : "Fabian", "uri" : ""  }
        ]
    }, {
        "name": "MIC2",
        "people": [
            { "familyName" : "CHARON", "givenName" : "Irene", "uri" : ""  },
            { "familyName" : "COHEN", "givenName" : "Gerard", "uri" : ""  },
            { "familyName" : "DECREUSEFOND", "givenName" : "Laurent", "uri" : ""  },
            { "familyName" : "HUDRY", "givenName" : "Olivier", "uri" : ""  },
            { "familyName" : "LOBSTEIN", "givenName" : "Antoine", "uri" : ""  },
            { "familyName" : "MADORE", "givenName" : "David", "uri" : ""  },
            { "familyName" : "MEYER", "givenName" : "Bertrand", "uri" : ""  },
            { "familyName" : "RAMBAUD", "givenName" : "Matthieu", "uri" : ""  },
            { "familyName" : "RANDRIAMBOLOLONA", "givenName" : "Hugues", "uri" : ""  },
            { "familyName" : "SAKAROVITCH", "givenName" : "Jacques", "uri" : ""  },
            { "familyName" : "USTUNEL", "givenName" : "Suleyman", "uri" : ""  }
        ]
    }, {
        "name": "RMS",
        "people": [    { "givenName":"Sawsan","familyName" : "Zahr",  "uri" : ""  },
            { "givenName":"Thomas","familyName" : "Bonald",  "uri" : ""  },
            { "givenName":"Nadia","familyName" : "Boukhatem",  "uri" : ""  },
            { "givenName":"Marceau","familyName" : "Coupechoux",  "uri" : ""  },
            { "givenName":"Maurice","familyName" : "Gagnaire",  "uri" : ""  },
            { "givenName":"Anastasios","familyName" : "Giovanidis",  "uri" : ""  },
            { "givenName":"Philippe","familyName" : "Godlewski",  "uri" : ""  },
            { "givenName":"Daniel","familyName" : "Kofman",  "uri" : ""  },
            { "givenName":"Luigi","familyName" : "Iannone",  "uri" : ""  },
            { "givenName":"Philippe","familyName" : "Martins",  "uri" : ""  },
            { "givenName":"Dario","familyName" : "Rossi",  "uri" : ""  },
            { "givenName":"Jean-Louis","familyName" : "Rougier",  "uri" : ""  },
            { "givenName":"Noémie","familyName" : "Simoni",  "uri" : ""  },
            { "givenName":"Anaïs","familyName" : "Vergne",  "uri" : ""  }
        ]
    }, {
        "name": "S3",
        "people": [
            { "familyName" : "BELLOT", "givenName" : "Patrick", "uri" : ""  },
            { "familyName" : "BORDE", "givenName" : "Etienne", "uri" : ""  },
            { "familyName" : "BUSCH", "givenName" : "Patrick", "uri" : ""  },
            { "familyName" : "DAX", "givenName" : "Philippe", "uri" : ""  },
            { "familyName" : "DEMEURE", "givenName" : "Isabelle", "uri" : ""  },
            { "familyName" : "DIACONESCU", "givenName" : "Ada", "uri" : ""  },
            { "familyName" : "GADRET", "givenName" : "Serge", "uri" : ""  },
            { "familyName" : "GARDOLL", "givenName" : "Sebastien", "uri" : ""  },
            { "familyName" : "KUZNETSOV", "givenName" : "Petr", "uri" : ""  },
            { "familyName" : "MOURET", "givenName" : "Gerard", "uri" : ""  },
            { "familyName" : "NAJM", "givenName" : "Elie", "uri" : ""  },
            { "familyName" : "PAUTET", "givenName" : "Laurent", "uri" : ""  },
            { "familyName" : "ROBERT", "givenName" : "Thomas", "uri" : ""  },
            { "familyName" : "SHARROCK", "givenName" : "Remi", "uri" : ""  },
            { "familyName" : "TARDIEU", "givenName" : "Samuel", "uri" : ""  },
            { "familyName" : "VIGNES", "givenName" : "Sylvie", "uri" : ""  }
        ]
    }, {
        "name": "SR",
        "people": [
            { "familyName" : "AISSAOUI", "givenName" : "Hassane", "uri" : ""  },
            { "familyName" : "ALLEAUME", "givenName" : "Romain", "uri" : ""  },
            { "familyName" : "DIAMANTI", "givenName" : "Eleni", "uri" : ""  },
            { "familyName" : "KHATOUN", "givenName" : "Rida", "uri" : ""  },
            { "familyName" : "LABIOD", "givenName" : "Houda", "uri" : ""  },
            { "familyName" : "LENEUTRE", "givenName" : "Jean", "uri" : ""  },
            { "familyName" : "MARKHAM", "givenName" : "Damian", "uri" : ""  },
            { "familyName" : "RIGUIDEL", "givenName" : "Michel", "uri" : ""  },
            { "familyName" : "SERHROUCHNI", "givenName" : "Ahmed", "uri" : ""  },
            { "familyName" : "URIEN", "givenName" : "Pascal", "uri" : ""  },
            { "familyName" : "ZAQUINE", "givenName" : "Isabelle", "uri" : ""  }
        ]
    }]
}
]