{"nodes":[{"id":"Baker","group":3},{"id":"Lebart","group":1},{"id":"Houy","group":1},{"id":"Huyart","group":10},{"id":"Le","group":4},{"id":"Martins","group":17},{"id":"Erasme","group":12},{"id":"Markham","group":19},{"id":"Angelini","group":8},{"id":"David","group":6},{"id":"Morel","group":3},{"id":"Auray","group":4},{"id":"Rodriguez","group":13},{"id":"Brettel","group":8},{"id":"Nicolas","group":8},{"id":"Richard","group":6},{"id":"Nguyen","group":14},{"id":"Cohen","group":16},{"id":"Sabourin","group":7},{"id":"Cardoso","group":7},{"id":"Pogorel","group":1},{"id":"Concolato","group":5},{"id":"Vignes","group":18},{"id":"Demeure","group":18},{"id":"Wigger","group":13},{"id":"Fort","group":7},{"id":"Davidovici-nora","group":1},{"id":"Lepage","group":10},{"id":"Guiard","group":15},{"id":"Bailly","group":15},{"id":"Sozio","group":15},{"id":"Duc","group":9},{"id":"Pelachaud","group":5},{"id":"Robert","group":18},{"id":"Rossi","group":17},{"id":"Denis","group":4},{"id":"Mouret","group":18},{"id":"Gille","group":1},{"id":"Jaouen","group":12},{"id":"Desgreys","group":14},{"id":"Roux","group":8},{"id":"Hachem","group":13},{"id":"Memari","group":8},{"id":"Charbit","group":7},{"id":"Suchanek","group":15},{"id":"Beaudouin","group":4},{"id":"Senellart","group":15},{"id":"Petit","group":14},{"id":"Meyer","group":16},{"id":"Muselli","group":1},{"id":"Madore","group":16},{"id":"Tanzi","group":11},{"id":"Clavel","group":5},{"id":"Mathieu","group":9},{"id":"Kofman","group":17},{"id":"Naviner","group":14},{"id":"Waelbroeck","group":1},{"id":"Polti","group":9},{"id":"Diamanti","group":19},{"id":"Cl\u00e9men\u00e7on","group":7},{"id":"Pesquet-popescu","group":5},{"id":"Apvrille","group":11},{"id":"Tupin","group":8},{"id":"Godlewski","group":17},{"id":"Busch","group":18},{"id":"Giovanidis","group":17},{"id":"Gagnaire","group":17},{"id":"Minot","group":12},{"id":"Rioul","group":13},{"id":"Begaud","group":10},{"id":"Grillot","group":12},{"id":"Boubekeur","group":8},{"id":"Pasquier","group":4},{"id":"Sole","group":13},{"id":"Cagnazzo","group":5},{"id":"Bourreau","group":1},{"id":"Fernandez","group":1},{"id":"Urien","group":19},{"id":"Boukhatem","group":17},{"id":"Chaudhuri","group":9},{"id":"Simoni","group":17},{"id":"Abdessalem","group":15},{"id":"Bianchi","group":7},{"id":"Moissinac","group":5},{"id":"Ustunel","group":16},{"id":"Roueff","group":7},{"id":"Iannone","group":17},{"id":"Le Feuvre","group":5},{"id":"Bloch","group":8},{"id":"Coupechoux","group":17},{"id":"Bellot","group":18},{"id":"Essid","group":6},{"id":"Eagan","group":15},{"id":"Najm","group":18},{"id":"Ameur-boulifa","group":11},{"id":"Fakhoury","group":14},{"id":"Hudry","group":16},{"id":"Maniak","group":1},{"id":"Kuznetsov","group":18},{"id":"Moulines","group":7},{"id":"Ma\u00eetre","group":8},{"id":"Ware","group":12},{"id":"Borde","group":18},{"id":"Cousin","group":10},{"id":"Sigelle","group":5},{"id":"Loumeau","group":14},{"id":"Chollet","group":5},{"id":"Campedel","group":8},{"id":"Tchamkerten","group":13},{"id":"Almansa","group":8},{"id":"Ladjal","group":8},{"id":"Badeau","group":6},{"id":"Bacache","group":1},{"id":"Danger","group":9},{"id":"Riguidel","group":19},{"id":"Tierny","group":8},{"id":"Tardieu","group":18},{"id":"Bonald","group":17},{"id":"Diaconescu","group":18},{"id":"Sauvage","group":9},{"id":"Khy","group":10},{"id":"Lobstein","group":16},{"id":"Coudert","group":11},{"id":"Capp\u00e9","group":7},{"id":"Ciblat","group":13},{"id":"Cahour","group":3},{"id":"Zaquine","group":19},{"id":"Sahbi","group":8},{"id":"Roblin","group":10},{"id":"Matherat","group":9},{"id":"Rekaya","group":13},{"id":"Blanchet","group":7},{"id":"Decreusefond","group":16},{"id":"Pautet","group":18},{"id":"Randriambololona","group":16},{"id":"Salmon","group":7},{"id":"Valenzise","group":5},{"id":"Tendero","group":8},{"id":"Garron","group":4},{"id":"Fournout","group":4},{"id":"Rougier","group":17},{"id":"Gardoll","group":18},{"id":"Gosset","group":12},{"id":"Belfiore","group":13},{"id":"Dessalles","group":15},{"id":"Pacalet","group":11},{"id":"Gramfort","group":6},{"id":"Dufourd","group":5},{"id":"Bounie","group":1},{"id":"Lecolinet","group":15},{"id":"Casilli","group":4},{"id":"Gallion","group":12},{"id":"Labiod","group":19},{"id":"Leneutre","group":19},{"id":"Bergeault","group":10},{"id":"Graba","group":9},{"id":"Aissaoui","group":19},{"id":"Gabet","group":12},{"id":"Grzybowski","group":1},{"id":"Hoogvorst","group":9},{"id":"Gousseau","group":8},{"id":"Alleaume","group":19},{"id":"Sakarovitch","group":16},{"id":"Figeac","group":3},{"id":"Khatoun","group":19},{"id":"Dufaux","group":5},{"id":"Serhrouchni","group":19},{"id":"Gentes","group":4},{"id":"Diminescu","group":3},{"id":"Sharrock","group":18},{"id":"Fercoq","group":7},{"id":"Draetta","group":3},{"id":"Grenier","group":6},{"id":"Charon","group":16},{"id":"Licoppe","group":3},{"id":"Vergne","group":17},{"id":"Sibille","group":10},{"id":"Relieu","group":3}],"links":[{"source":"Baker","target":"Denis","value":3},{"source":"Houy","target":"Fernandez","value":3},{"source":"Huyart","target":"Khy","value":5},{"source":"Huyart","target":"Lepage","value":5},{"source":"Huyart","target":"Bergeault","value":3},{"source":"Huyart","target":"Cousin","value":20},{"source":"Huyart","target":"Begaud","value":4},{"source":"Le","target":"Erasme","value":4},{"source":"Le","target":"Danger","value":3},{"source":"Le","target":"Pelachaud","value":18},{"source":"Le","target":"Nguyen","value":1},{"source":"Le","target":"Ciblat","value":6},{"source":"Le","target":"Nicolas","value":1},{"source":"Le","target":"Duc","value":3},{"source":"Le","target":"Decreusefond","value":2},{"source":"Le","target":"Martins","value":2},{"source":"Le","target":"Vergne","value":2},{"source":"Martins","target":"Decreusefond","value":30},{"source":"Martins","target":"Vergne","value":11},{"source":"Martins","target":"Gallion","value":1},{"source":"Martins","target":"Boukhatem","value":1},{"source":"Martins","target":"Coupechoux","value":1},{"source":"Martins","target":"Le","value":2},{"source":"Erasme","target":"Grillot","value":23},{"source":"Erasme","target":"Gabet","value":2},{"source":"Erasme","target":"Gosset","value":8},{"source":"Erasme","target":"Le","value":4},{"source":"Erasme","target":"Nguyen","value":5},{"source":"Erasme","target":"Gallion","value":1},{"source":"Erasme","target":"Petit","value":2},{"source":"Markham","target":"Diamanti","value":3},{"source":"Markham","target":"Zaquine","value":1},{"source":"Angelini","target":"Bloch","value":38},{"source":"Angelini","target":"Charbit","value":7},{"source":"Angelini","target":"Boubekeur","value":4},{"source":"Angelini","target":"Richard","value":2},{"source":"Angelini","target":"Tierny","value":2},{"source":"Angelini","target":"Petit","value":2},{"source":"David","target":"Badeau","value":45},{"source":"David","target":"Richard","value":28},{"source":"David","target":"Essid","value":2},{"source":"David","target":"Charbit","value":2},{"source":"David","target":"Bellot","value":2},{"source":"David","target":"Campedel","value":2},{"source":"David","target":"Grenier","value":1},{"source":"David","target":"Demeure","value":3},{"source":"David","target":"Diaconescu","value":4},{"source":"David","target":"Giovanidis","value":1},{"source":"David","target":"Decreusefond","value":1},{"source":"David","target":"Roux","value":1},{"source":"Morel","target":"Bloch","value":6},{"source":"Morel","target":"Clavel","value":1},{"source":"Morel","target":"Almansa","value":11},{"source":"Morel","target":"Blanchet","value":3},{"source":"Morel","target":"Gousseau","value":9},{"source":"Morel","target":"Relieu","value":1},{"source":"Morel","target":"Tendero","value":6},{"source":"Morel","target":"Licoppe","value":3},{"source":"Morel","target":"Ladjal","value":1},{"source":"Auray","target":"Davidovici-nora","value":1},{"source":"Auray","target":"Bacache","value":1},{"source":"Auray","target":"Garron","value":1},{"source":"Auray","target":"Bourreau","value":1},{"source":"Auray","target":"Beaudouin","value":1},{"source":"Auray","target":"Pasquier","value":1},{"source":"Rodriguez","target":"Demeure","value":1},{"source":"Rodriguez","target":"Moissinac","value":3},{"source":"Nicolas","target":"Tupin","value":23},{"source":"Nicolas","target":"Rossi","value":1},{"source":"Nicolas","target":"Jaouen","value":1},{"source":"Nicolas","target":"Najm","value":2},{"source":"Nicolas","target":"Roux","value":4},{"source":"Nicolas","target":"Ma\u00eetre","value":2},{"source":"Nicolas","target":"Denis","value":1},{"source":"Nicolas","target":"Le","value":1},{"source":"Richard","target":"Grenier","value":15},{"source":"Richard","target":"David","value":28},{"source":"Richard","target":"Badeau","value":65},{"source":"Richard","target":"Essid","value":57},{"source":"Richard","target":"Mathieu","value":2},{"source":"Richard","target":"Clavel","value":4},{"source":"Richard","target":"Pelachaud","value":1},{"source":"Richard","target":"Gramfort","value":2},{"source":"Richard","target":"Campedel","value":1},{"source":"Richard","target":"Bloch","value":2},{"source":"Richard","target":"Angelini","value":2},{"source":"Nguyen","target":"Erasme","value":5},{"source":"Nguyen","target":"Gosset","value":5},{"source":"Nguyen","target":"Grillot","value":2},{"source":"Nguyen","target":"Boukhatem","value":6},{"source":"Nguyen","target":"Senellart","value":1},{"source":"Nguyen","target":"Cahour","value":7},{"source":"Nguyen","target":"Licoppe","value":5},{"source":"Nguyen","target":"Desgreys","value":20},{"source":"Nguyen","target":"Duc","value":2},{"source":"Nguyen","target":"Graba","value":5},{"source":"Nguyen","target":"Sole","value":4},{"source":"Nguyen","target":"Gabet","value":1},{"source":"Nguyen","target":"Moissinac","value":1},{"source":"Nguyen","target":"Fakhoury","value":8},{"source":"Nguyen","target":"Loumeau","value":28},{"source":"Nguyen","target":"Ciblat","value":9},{"source":"Nguyen","target":"Le Feuvre","value":3},{"source":"Nguyen","target":"Danger","value":9},{"source":"Nguyen","target":"Sauvage","value":3},{"source":"Nguyen","target":"Le","value":1},{"source":"Nguyen","target":"Concolato","value":2},{"source":"Nguyen","target":"Leneutre","value":2},{"source":"Nguyen","target":"Naviner","value":3},{"source":"Cohen","target":"Gramfort","value":3},{"source":"Cohen","target":"Charbit","value":2},{"source":"Cohen","target":"Hudry","value":4},{"source":"Cohen","target":"Lobstein","value":3},{"source":"Cohen","target":"Charon","value":4},{"source":"Cohen","target":"Madore","value":1},{"source":"Cohen","target":"Tchamkerten","value":2},{"source":"Sabourin","target":"Cl\u00e9men\u00e7on","value":9},{"source":"Cardoso","target":"Moulines","value":4},{"source":"Cardoso","target":"Bianchi","value":1},{"source":"Concolato","target":"Le Feuvre","value":120},{"source":"Concolato","target":"Dufourd","value":14},{"source":"Concolato","target":"Moissinac","value":10},{"source":"Concolato","target":"Essid","value":2},{"source":"Concolato","target":"Nguyen","value":2},{"source":"Demeure","target":"Moissinac","value":1},{"source":"Demeure","target":"Rodriguez","value":1},{"source":"Demeure","target":"Tardieu","value":4},{"source":"Demeure","target":"David","value":3},{"source":"Demeure","target":"Diaconescu","value":10},{"source":"Demeure","target":"Sharrock","value":2},{"source":"Demeure","target":"Pelachaud","value":2},{"source":"Fort","target":"Moulines","value":44},{"source":"Fort","target":"Bianchi","value":15},{"source":"Fort","target":"Hachem","value":9},{"source":"Fort","target":"Capp\u00e9","value":3},{"source":"Davidovici-nora","target":"Auray","value":1},{"source":"Davidovici-nora","target":"Bacache","value":1},{"source":"Davidovici-nora","target":"Garron","value":1},{"source":"Davidovici-nora","target":"Bourreau","value":2},{"source":"Davidovici-nora","target":"Beaudouin","value":1},{"source":"Davidovici-nora","target":"Pasquier","value":1},{"source":"Lepage","target":"Huyart","value":5},{"source":"Lepage","target":"Begaud","value":78},{"source":"Guiard","target":"Lecolinet","value":23},{"source":"Guiard","target":"Bailly","value":6},{"source":"Guiard","target":"Rioul","value":11},{"source":"Guiard","target":"Eagan","value":4},{"source":"Bailly","target":"Guiard","value":6},{"source":"Bailly","target":"Lecolinet","value":26},{"source":"Bailly","target":"Rioul","value":1},{"source":"Bailly","target":"Denis","value":2},{"source":"Bailly","target":"Eagan","value":4},{"source":"Bailly","target":"Sharrock","value":2},{"source":"Sozio","target":"Suchanek","value":8},{"source":"Sozio","target":"Rossi","value":1},{"source":"Sozio","target":"Abdessalem","value":2},{"source":"Duc","target":"Danger","value":6},{"source":"Duc","target":"Sauvage","value":2},{"source":"Duc","target":"Nguyen","value":2},{"source":"Duc","target":"Desgreys","value":2},{"source":"Duc","target":"Graba","value":1},{"source":"Duc","target":"Hoogvorst","value":6},{"source":"Duc","target":"Pacalet","value":5},{"source":"Duc","target":"Le","value":3},{"source":"Pelachaud","target":"Chollet","value":28},{"source":"Pelachaud","target":"Le","value":18},{"source":"Pelachaud","target":"Clavel","value":14},{"source":"Pelachaud","target":"Demeure","value":2},{"source":"Pelachaud","target":"Richard","value":1},{"source":"Robert","target":"Borde","value":5},{"source":"Robert","target":"Pautet","value":9},{"source":"Robert","target":"Apvrille","value":1},{"source":"Robert","target":"Jaouen","value":1},{"source":"Rossi","target":"Nicolas","value":1},{"source":"Rossi","target":"Rougier","value":8},{"source":"Rossi","target":"Mathieu","value":1},{"source":"Rossi","target":"Sozio","value":1},{"source":"Rossi","target":"Bonald","value":1},{"source":"Rossi","target":"Cl\u00e9men\u00e7on","value":6},{"source":"Denis","target":"Tupin","value":41},{"source":"Denis","target":"Baker","value":3},{"source":"Denis","target":"Bailly","value":2},{"source":"Denis","target":"Bianchi","value":2},{"source":"Denis","target":"Sigelle","value":3},{"source":"Denis","target":"Nicolas","value":1},{"source":"Denis","target":"Sahbi","value":1},{"source":"Mouret","target":"Lecolinet","value":1},{"source":"Gille","target":"Bounie","value":1},{"source":"Jaouen","target":"Nicolas","value":1},{"source":"Jaouen","target":"Gabet","value":1},{"source":"Jaouen","target":"Gallion","value":1},{"source":"Jaouen","target":"Ciblat","value":1},{"source":"Jaouen","target":"Gosset","value":1},{"source":"Jaouen","target":"Borde","value":1},{"source":"Jaouen","target":"Pautet","value":1},{"source":"Jaouen","target":"Robert","value":1},{"source":"Desgreys","target":"Nguyen","value":20},{"source":"Desgreys","target":"Duc","value":2},{"source":"Desgreys","target":"Graba","value":3},{"source":"Desgreys","target":"Loumeau","value":25},{"source":"Desgreys","target":"Fakhoury","value":4},{"source":"Desgreys","target":"Petit","value":6},{"source":"Desgreys","target":"Meyer","value":3},{"source":"Roux","target":"David","value":1},{"source":"Roux","target":"Tupin","value":2},{"source":"Roux","target":"Nicolas","value":4},{"source":"Roux","target":"Campedel","value":1},{"source":"Hachem","target":"Fort","value":9},{"source":"Hachem","target":"Bianchi","value":24},{"source":"Hachem","target":"Ciblat","value":18},{"source":"Hachem","target":"Roueff","value":1},{"source":"Hachem","target":"Moulines","value":1},{"source":"Charbit","target":"Chollet","value":3},{"source":"Charbit","target":"David","value":2},{"source":"Charbit","target":"Badeau","value":2},{"source":"Charbit","target":"Angelini","value":7},{"source":"Charbit","target":"Hudry","value":2},{"source":"Charbit","target":"Cohen","value":2},{"source":"Charbit","target":"Lobstein","value":1},{"source":"Charbit","target":"Charon","value":2},{"source":"Charbit","target":"Roueff","value":3},{"source":"Charbit","target":"Moulines","value":1},{"source":"Charbit","target":"Blanchet","value":2},{"source":"Suchanek","target":"Senellart","value":14},{"source":"Suchanek","target":"Sozio","value":8},{"source":"Beaudouin","target":"Auray","value":1},{"source":"Beaudouin","target":"Davidovici-nora","value":1},{"source":"Beaudouin","target":"Bacache","value":1},{"source":"Beaudouin","target":"Garron","value":1},{"source":"Beaudouin","target":"Bourreau","value":1},{"source":"Beaudouin","target":"Pasquier","value":2},{"source":"Beaudouin","target":"Eagan","value":1},{"source":"Beaudouin","target":"Fournout","value":1},{"source":"Senellart","target":"Nguyen","value":1},{"source":"Senellart","target":"Suchanek","value":14},{"source":"Senellart","target":"Abdessalem","value":16},{"source":"Senellart","target":"Bourreau","value":1},{"source":"Petit","target":"Erasme","value":2},{"source":"Petit","target":"Gabet","value":1},{"source":"Petit","target":"Labiod","value":1},{"source":"Petit","target":"Naviner","value":19},{"source":"Petit","target":"Kuznetsov","value":2},{"source":"Petit","target":"Fakhoury","value":4},{"source":"Petit","target":"Loumeau","value":6},{"source":"Petit","target":"Desgreys","value":6},{"source":"Petit","target":"Meyer","value":6},{"source":"Petit","target":"Tierny","value":2},{"source":"Petit","target":"Angelini","value":2},{"source":"Meyer","target":"Iannone","value":1},{"source":"Meyer","target":"Desgreys","value":3},{"source":"Meyer","target":"Petit","value":6},{"source":"Madore","target":"Cohen","value":1},{"source":"Tanzi","target":"Apvrille","value":9},{"source":"Clavel","target":"Morel","value":1},{"source":"Clavel","target":"Bellot","value":1},{"source":"Clavel","target":"Pelachaud","value":14},{"source":"Clavel","target":"Chollet","value":3},{"source":"Clavel","target":"Richard","value":4},{"source":"Mathieu","target":"Danger","value":14},{"source":"Mathieu","target":"Graba","value":10},{"source":"Mathieu","target":"Sauvage","value":3},{"source":"Mathieu","target":"Rossi","value":1},{"source":"Mathieu","target":"Pautet","value":6},{"source":"Mathieu","target":"Essid","value":2},{"source":"Mathieu","target":"Richard","value":2},{"source":"Mathieu","target":"Le Feuvre","value":1},{"source":"Mathieu","target":"Pesquet-popescu","value":1},{"source":"Mathieu","target":"Cagnazzo","value":1},{"source":"Mathieu","target":"Dufaux","value":1},{"source":"Mathieu","target":"Matherat","value":2},{"source":"Mathieu","target":"Pacalet","value":1},{"source":"Kofman","target":"Iannone","value":4},{"source":"Naviner","target":"Petit","value":19},{"source":"Naviner","target":"Loumeau","value":5},{"source":"Naviner","target":"Nguyen","value":3},{"source":"Naviner","target":"Matherat","value":5},{"source":"Waelbroeck","target":"Bourreau","value":2},{"source":"Waelbroeck","target":"Bounie","value":4},{"source":"Polti","target":"Tardieu","value":1},{"source":"Diamanti","target":"Bloch","value":1},{"source":"Diamanti","target":"Zaquine","value":18},{"source":"Diamanti","target":"Gabet","value":2},{"source":"Diamanti","target":"Markham","value":3},{"source":"Cl\u00e9men\u00e7on","target":"Roueff","value":3},{"source":"Cl\u00e9men\u00e7on","target":"Sabourin","value":9},{"source":"Cl\u00e9men\u00e7on","target":"Rossi","value":6},{"source":"Cl\u00e9men\u00e7on","target":"Salmon","value":2},{"source":"Cl\u00e9men\u00e7on","target":"Bianchi","value":4},{"source":"Pesquet-popescu","target":"Cagnazzo","value":101},{"source":"Pesquet-popescu","target":"Dufaux","value":69},{"source":"Pesquet-popescu","target":"Valenzise","value":3},{"source":"Pesquet-popescu","target":"Le Feuvre","value":2},{"source":"Pesquet-popescu","target":"Mathieu","value":1},{"source":"Apvrille","target":"Pacalet","value":15},{"source":"Apvrille","target":"Tanzi","value":9},{"source":"Apvrille","target":"Borde","value":1},{"source":"Apvrille","target":"Pautet","value":1},{"source":"Apvrille","target":"Robert","value":1},{"source":"Apvrille","target":"Ameur-boulifa","value":5},{"source":"Apvrille","target":"Coudert","value":4},{"source":"Tupin","target":"Bloch","value":2},{"source":"Tupin","target":"Nicolas","value":23},{"source":"Tupin","target":"Denis","value":41},{"source":"Tupin","target":"Ma\u00eetre","value":3},{"source":"Tupin","target":"Bianchi","value":2},{"source":"Tupin","target":"Roux","value":2},{"source":"Tupin","target":"Sigelle","value":3},{"source":"Tupin","target":"Gousseau","value":8},{"source":"Godlewski","target":"Campedel","value":1},{"source":"Godlewski","target":"Coupechoux","value":41},{"source":"Godlewski","target":"Sigelle","value":4},{"source":"Giovanidis","target":"Decreusefond","value":1},{"source":"Giovanidis","target":"David","value":1},{"source":"Rioul","target":"Najm","value":2},{"source":"Rioul","target":"Danger","value":9},{"source":"Rioul","target":"Guiard","value":11},{"source":"Rioul","target":"Bailly","value":1},{"source":"Rioul","target":"Lecolinet","value":1},{"source":"Begaud","target":"Huyart","value":4},{"source":"Begaud","target":"Ciblat","value":3},{"source":"Begaud","target":"Fernandez","value":1},{"source":"Begaud","target":"Lepage","value":78},{"source":"Begaud","target":"Cousin","value":2},{"source":"Grillot","target":"Erasme","value":23},{"source":"Grillot","target":"Gabet","value":1},{"source":"Grillot","target":"Nguyen","value":2},{"source":"Grillot","target":"Gosset","value":14},{"source":"Grillot","target":"Gallion","value":4},{"source":"Boubekeur","target":"Bloch","value":5},{"source":"Boubekeur","target":"Angelini","value":4},{"source":"Boubekeur","target":"Tierny","value":7},{"source":"Boubekeur","target":"Almansa","value":3},{"source":"Pasquier","target":"Auray","value":1},{"source":"Pasquier","target":"Davidovici-nora","value":1},{"source":"Pasquier","target":"Bacache","value":1},{"source":"Pasquier","target":"Garron","value":1},{"source":"Pasquier","target":"Bourreau","value":1},{"source":"Pasquier","target":"Beaudouin","value":2},{"source":"Sole","target":"Nguyen","value":4},{"source":"Cagnazzo","target":"Pesquet-popescu","value":101},{"source":"Cagnazzo","target":"Dufaux","value":43},{"source":"Cagnazzo","target":"Valenzise","value":3},{"source":"Cagnazzo","target":"Le Feuvre","value":2},{"source":"Cagnazzo","target":"Mathieu","value":1},{"source":"Bourreau","target":"Auray","value":1},{"source":"Bourreau","target":"Davidovici-nora","value":2},{"source":"Bourreau","target":"Bacache","value":6},{"source":"Bourreau","target":"Garron","value":1},{"source":"Bourreau","target":"Beaudouin","value":1},{"source":"Bourreau","target":"Pasquier","value":1},{"source":"Bourreau","target":"Senellart","value":1},{"source":"Bourreau","target":"Waelbroeck","value":2},{"source":"Fernandez","target":"Houy","value":3},{"source":"Fernandez","target":"Begaud","value":1},{"source":"Fernandez","target":"Ciblat","value":1},{"source":"Urien","target":"Aissaoui","value":3},{"source":"Urien","target":"Bloch","value":1},{"source":"Boukhatem","target":"Nguyen","value":6},{"source":"Boukhatem","target":"Martins","value":1},{"source":"Chaudhuri","target":"Sauvage","value":2},{"source":"Chaudhuri","target":"Pacalet","value":1},{"source":"Chaudhuri","target":"Hoogvorst","value":1},{"source":"Simoni","target":"Serhrouchni","value":1},{"source":"Simoni","target":"Labiod","value":5},{"source":"Abdessalem","target":"Senellart","value":16},{"source":"Abdessalem","target":"Sozio","value":2},{"source":"Bianchi","target":"Fort","value":15},{"source":"Bianchi","target":"Hachem","value":24},{"source":"Bianchi","target":"Denis","value":2},{"source":"Bianchi","target":"Tupin","value":2},{"source":"Bianchi","target":"Ciblat","value":12},{"source":"Bianchi","target":"Moulines","value":1},{"source":"Bianchi","target":"Roueff","value":1},{"source":"Bianchi","target":"Cl\u00e9men\u00e7on","value":4},{"source":"Bianchi","target":"Cardoso","value":1},{"source":"Bianchi","target":"Fercoq","value":1},{"source":"Moissinac","target":"Concolato","value":10},{"source":"Moissinac","target":"Dufourd","value":4},{"source":"Moissinac","target":"Le Feuvre","value":5},{"source":"Moissinac","target":"Demeure","value":1},{"source":"Moissinac","target":"Rodriguez","value":3},{"source":"Moissinac","target":"Nguyen","value":1},{"source":"Roueff","target":"Moulines","value":11},{"source":"Roueff","target":"Cl\u00e9men\u00e7on","value":3},{"source":"Roueff","target":"Hachem","value":1},{"source":"Roueff","target":"Gousseau","value":2},{"source":"Roueff","target":"Charbit","value":3},{"source":"Roueff","target":"Bianchi","value":1},{"source":"Iannone","target":"Kofman","value":4},{"source":"Iannone","target":"Meyer","value":1},{"source":"Iannone","target":"Rougier","value":3},{"source":"Le Feuvre","target":"Concolato","value":120},{"source":"Le Feuvre","target":"Moissinac","value":5},{"source":"Le Feuvre","target":"Dufourd","value":11},{"source":"Le Feuvre","target":"Nguyen","value":3},{"source":"Le Feuvre","target":"Essid","value":1},{"source":"Le Feuvre","target":"Pesquet-popescu","value":2},{"source":"Le Feuvre","target":"Mathieu","value":1},{"source":"Le Feuvre","target":"Cagnazzo","value":2},{"source":"Le Feuvre","target":"Dufaux","value":2},{"source":"Bloch","target":"Tupin","value":2},{"source":"Bloch","target":"Morel","value":6},{"source":"Bloch","target":"Diamanti","value":1},{"source":"Bloch","target":"Angelini","value":38},{"source":"Bloch","target":"Ma\u00eetre","value":6},{"source":"Bloch","target":"Boubekeur","value":5},{"source":"Bloch","target":"Urien","value":1},{"source":"Bloch","target":"Ladjal","value":1},{"source":"Bloch","target":"Richard","value":2},{"source":"Coupechoux","target":"Godlewski","value":41},{"source":"Coupechoux","target":"Sigelle","value":5},{"source":"Coupechoux","target":"Martins","value":1},{"source":"Bellot","target":"David","value":2},{"source":"Bellot","target":"Campedel","value":2},{"source":"Bellot","target":"Clavel","value":1},{"source":"Essid","target":"David","value":2},{"source":"Essid","target":"Richard","value":57},{"source":"Essid","target":"Le Feuvre","value":1},{"source":"Essid","target":"Concolato","value":2},{"source":"Essid","target":"Mathieu","value":2},{"source":"Essid","target":"Campedel","value":2},{"source":"Essid","target":"Chollet","value":1},{"source":"Essid","target":"Grenier","value":3},{"source":"Essid","target":"Gramfort","value":4},{"source":"Essid","target":"Capp\u00e9","value":4},{"source":"Eagan","target":"Guiard","value":4},{"source":"Eagan","target":"Lecolinet","value":8},{"source":"Eagan","target":"Bailly","value":4},{"source":"Eagan","target":"Beaudouin","value":1},{"source":"Najm","target":"Nicolas","value":2},{"source":"Najm","target":"Danger","value":18},{"source":"Najm","target":"Graba","value":2},{"source":"Najm","target":"Rioul","value":2},{"source":"Najm","target":"Sauvage","value":2},{"source":"Ameur-boulifa","target":"Coudert","value":5},{"source":"Ameur-boulifa","target":"Apvrille","value":5},{"source":"Ameur-boulifa","target":"Pacalet","value":6},{"source":"Fakhoury","target":"Desgreys","value":4},{"source":"Fakhoury","target":"Nguyen","value":8},{"source":"Fakhoury","target":"Loumeau","value":14},{"source":"Fakhoury","target":"Petit","value":4},{"source":"Hudry","target":"Charbit","value":2},{"source":"Hudry","target":"Cohen","value":4},{"source":"Hudry","target":"Lobstein","value":36},{"source":"Hudry","target":"Charon","value":41},{"source":"Kuznetsov","target":"Petit","value":2},{"source":"Moulines","target":"Fort","value":44},{"source":"Moulines","target":"Roueff","value":11},{"source":"Moulines","target":"Cardoso","value":4},{"source":"Moulines","target":"Hachem","value":1},{"source":"Moulines","target":"Grenier","value":1},{"source":"Moulines","target":"Bianchi","value":1},{"source":"Moulines","target":"Salmon","value":4},{"source":"Moulines","target":"Charbit","value":1},{"source":"Moulines","target":"Capp\u00e9","value":5},{"source":"Ma\u00eetre","target":"Bloch","value":6},{"source":"Ma\u00eetre","target":"Tupin","value":3},{"source":"Ma\u00eetre","target":"Nicolas","value":2},{"source":"Ware","target":"Ciblat","value":8},{"source":"Ware","target":"Rekaya","value":1},{"source":"Ware","target":"Bonald","value":2},{"source":"Borde","target":"Pautet","value":20},{"source":"Borde","target":"Apvrille","value":1},{"source":"Borde","target":"Robert","value":5},{"source":"Borde","target":"Gardoll","value":3},{"source":"Borde","target":"Jaouen","value":1},{"source":"Cousin","target":"Huyart","value":20},{"source":"Cousin","target":"Begaud","value":2},{"source":"Sigelle","target":"Tupin","value":3},{"source":"Sigelle","target":"Denis","value":3},{"source":"Sigelle","target":"Godlewski","value":4},{"source":"Sigelle","target":"Coupechoux","value":5},{"source":"Loumeau","target":"Desgreys","value":25},{"source":"Loumeau","target":"Fakhoury","value":14},{"source":"Loumeau","target":"Nguyen","value":28},{"source":"Loumeau","target":"Petit","value":6},{"source":"Loumeau","target":"Naviner","value":5},{"source":"Chollet","target":"Charbit","value":3},{"source":"Chollet","target":"Pelachaud","value":28},{"source":"Chollet","target":"Clavel","value":3},{"source":"Chollet","target":"Essid","value":1},{"source":"Chollet","target":"Campedel","value":2},{"source":"Campedel","target":"David","value":2},{"source":"Campedel","target":"Bellot","value":2},{"source":"Campedel","target":"Godlewski","value":1},{"source":"Campedel","target":"Roux","value":1},{"source":"Campedel","target":"Essid","value":2},{"source":"Campedel","target":"Chollet","value":2},{"source":"Campedel","target":"Richard","value":1},{"source":"Tchamkerten","target":"Cohen","value":2},{"source":"Almansa","target":"Gousseau","value":13},{"source":"Almansa","target":"Morel","value":11},{"source":"Almansa","target":"Blanchet","value":3},{"source":"Almansa","target":"Boubekeur","value":3},{"source":"Almansa","target":"Ladjal","value":8},{"source":"Ladjal","target":"Morel","value":1},{"source":"Ladjal","target":"Gousseau","value":1},{"source":"Ladjal","target":"Bloch","value":1},{"source":"Ladjal","target":"Almansa","value":8},{"source":"Badeau","target":"David","value":45},{"source":"Badeau","target":"Richard","value":65},{"source":"Badeau","target":"Charbit","value":2},{"source":"Badeau","target":"Grenier","value":3},{"source":"Bacache","target":"Auray","value":1},{"source":"Bacache","target":"Davidovici-nora","value":1},{"source":"Bacache","target":"Garron","value":1},{"source":"Bacache","target":"Bourreau","value":6},{"source":"Bacache","target":"Beaudouin","value":1},{"source":"Bacache","target":"Pasquier","value":1},{"source":"Bacache","target":"Bounie","value":1},{"source":"Danger","target":"Duc","value":6},{"source":"Danger","target":"Sauvage","value":26},{"source":"Danger","target":"Le","value":3},{"source":"Danger","target":"Mathieu","value":14},{"source":"Danger","target":"Graba","value":22},{"source":"Danger","target":"Najm","value":18},{"source":"Danger","target":"Rioul","value":9},{"source":"Danger","target":"Hoogvorst","value":8},{"source":"Danger","target":"Nguyen","value":9},{"source":"Danger","target":"Pacalet","value":2},{"source":"Tierny","target":"Salmon","value":2},{"source":"Tierny","target":"Boubekeur","value":7},{"source":"Tierny","target":"Petit","value":2},{"source":"Tierny","target":"Angelini","value":2},{"source":"Tardieu","target":"Demeure","value":4},{"source":"Tardieu","target":"Polti","value":1},{"source":"Bonald","target":"Rossi","value":1},{"source":"Bonald","target":"Ware","value":2},{"source":"Bonald","target":"Ciblat","value":2},{"source":"Diaconescu","target":"Demeure","value":10},{"source":"Diaconescu","target":"David","value":4},{"source":"Sauvage","target":"Duc","value":2},{"source":"Sauvage","target":"Danger","value":26},{"source":"Sauvage","target":"Mathieu","value":3},{"source":"Sauvage","target":"Graba","value":2},{"source":"Sauvage","target":"Hoogvorst","value":2},{"source":"Sauvage","target":"Chaudhuri","value":2},{"source":"Sauvage","target":"Pacalet","value":3},{"source":"Sauvage","target":"Nguyen","value":3},{"source":"Sauvage","target":"Najm","value":2},{"source":"Khy","target":"Huyart","value":5},{"source":"Khy","target":"Bergeault","value":1},{"source":"Lobstein","target":"Charbit","value":1},{"source":"Lobstein","target":"Hudry","value":36},{"source":"Lobstein","target":"Cohen","value":3},{"source":"Lobstein","target":"Charon","value":28},{"source":"Coudert","target":"Ameur-boulifa","value":5},{"source":"Coudert","target":"Apvrille","value":4},{"source":"Coudert","target":"Pacalet","value":4},{"source":"Capp\u00e9","target":"Fort","value":3},{"source":"Capp\u00e9","target":"Essid","value":4},{"source":"Capp\u00e9","target":"Moulines","value":5},{"source":"Ciblat","target":"Ware","value":8},{"source":"Ciblat","target":"Rekaya","value":1},{"source":"Ciblat","target":"Begaud","value":3},{"source":"Ciblat","target":"Fernandez","value":1},{"source":"Ciblat","target":"Nguyen","value":9},{"source":"Ciblat","target":"Jaouen","value":1},{"source":"Ciblat","target":"Gosset","value":7},{"source":"Ciblat","target":"Hachem","value":18},{"source":"Ciblat","target":"Bianchi","value":12},{"source":"Ciblat","target":"Bonald","value":2},{"source":"Ciblat","target":"Le","value":6},{"source":"Cahour","target":"Nguyen","value":7},{"source":"Cahour","target":"Licoppe","value":5},{"source":"Cahour","target":"Relieu","value":3},{"source":"Zaquine","target":"Diamanti","value":18},{"source":"Zaquine","target":"Markham","value":1},{"source":"Sahbi","target":"Denis","value":1},{"source":"Roblin","target":"Sibille","value":22},{"source":"Matherat","target":"Mathieu","value":2},{"source":"Matherat","target":"Naviner","value":5},{"source":"Rekaya","target":"Ware","value":1},{"source":"Rekaya","target":"Ciblat","value":1},{"source":"Rekaya","target":"Belfiore","value":13},{"source":"Blanchet","target":"Morel","value":3},{"source":"Blanchet","target":"Almansa","value":3},{"source":"Blanchet","target":"Charbit","value":2},{"source":"Decreusefond","target":"Giovanidis","value":1},{"source":"Decreusefond","target":"David","value":1},{"source":"Decreusefond","target":"Randriambololona","value":2},{"source":"Decreusefond","target":"Vergne","value":15},{"source":"Decreusefond","target":"Martins","value":30},{"source":"Decreusefond","target":"Le","value":2},{"source":"Pautet","target":"Borde","value":20},{"source":"Pautet","target":"Mathieu","value":6},{"source":"Pautet","target":"Apvrille","value":1},{"source":"Pautet","target":"Robert","value":9},{"source":"Pautet","target":"Gardoll","value":3},{"source":"Pautet","target":"Jaouen","value":1},{"source":"Randriambololona","target":"Decreusefond","value":2},{"source":"Randriambololona","target":"Vergne","value":2},{"source":"Salmon","target":"Tierny","value":2},{"source":"Salmon","target":"Moulines","value":4},{"source":"Salmon","target":"Gramfort","value":3},{"source":"Salmon","target":"Fercoq","value":3},{"source":"Salmon","target":"Cl\u00e9men\u00e7on","value":2},{"source":"Valenzise","target":"Dufaux","value":21},{"source":"Valenzise","target":"Pesquet-popescu","value":3},{"source":"Valenzise","target":"Cagnazzo","value":3},{"source":"Tendero","target":"Morel","value":6},{"source":"Garron","target":"Auray","value":1},{"source":"Garron","target":"Davidovici-nora","value":1},{"source":"Garron","target":"Bacache","value":1},{"source":"Garron","target":"Bourreau","value":1},{"source":"Garron","target":"Beaudouin","value":1},{"source":"Garron","target":"Pasquier","value":1},{"source":"Fournout","target":"Beaudouin","value":1},{"source":"Rougier","target":"Rossi","value":8},{"source":"Rougier","target":"Iannone","value":3},{"source":"Gardoll","target":"Borde","value":3},{"source":"Gardoll","target":"Pautet","value":3},{"source":"Gosset","target":"Erasme","value":8},{"source":"Gosset","target":"Nguyen","value":5},{"source":"Gosset","target":"Grillot","value":14},{"source":"Gosset","target":"Jaouen","value":1},{"source":"Gosset","target":"Ciblat","value":7},{"source":"Gosset","target":"Gallion","value":13},{"source":"Belfiore","target":"Rekaya","value":13},{"source":"Pacalet","target":"Chaudhuri","value":1},{"source":"Pacalet","target":"Sauvage","value":3},{"source":"Pacalet","target":"Hoogvorst","value":4},{"source":"Pacalet","target":"Duc","value":5},{"source":"Pacalet","target":"Apvrille","value":15},{"source":"Pacalet","target":"Ameur-boulifa","value":6},{"source":"Pacalet","target":"Coudert","value":4},{"source":"Pacalet","target":"Danger","value":2},{"source":"Pacalet","target":"Mathieu","value":1},{"source":"Gramfort","target":"Cohen","value":3},{"source":"Gramfort","target":"Salmon","value":3},{"source":"Gramfort","target":"Fercoq","value":3},{"source":"Gramfort","target":"Richard","value":2},{"source":"Gramfort","target":"Essid","value":4},{"source":"Dufourd","target":"Concolato","value":14},{"source":"Dufourd","target":"Moissinac","value":4},{"source":"Dufourd","target":"Le Feuvre","value":11},{"source":"Bounie","target":"Gille","value":1},{"source":"Bounie","target":"Waelbroeck","value":4},{"source":"Bounie","target":"Bacache","value":1},{"source":"Bounie","target":"Diminescu","value":1},{"source":"Lecolinet","target":"Guiard","value":23},{"source":"Lecolinet","target":"Bailly","value":26},{"source":"Lecolinet","target":"Mouret","value":1},{"source":"Lecolinet","target":"Eagan","value":8},{"source":"Lecolinet","target":"Rioul","value":1},{"source":"Lecolinet","target":"Sharrock","value":2},{"source":"Gallion","target":"Erasme","value":1},{"source":"Gallion","target":"Jaouen","value":1},{"source":"Gallion","target":"Gosset","value":13},{"source":"Gallion","target":"Martins","value":1},{"source":"Gallion","target":"Grillot","value":4},{"source":"Labiod","target":"Simoni","value":5},{"source":"Labiod","target":"Petit","value":1},{"source":"Labiod","target":"Serhrouchni","value":2},{"source":"Leneutre","target":"Nguyen","value":2},{"source":"Bergeault","target":"Huyart","value":3},{"source":"Bergeault","target":"Khy","value":1},{"source":"Graba","target":"Nguyen","value":5},{"source":"Graba","target":"Desgreys","value":3},{"source":"Graba","target":"Duc","value":1},{"source":"Graba","target":"Danger","value":22},{"source":"Graba","target":"Mathieu","value":10},{"source":"Graba","target":"Najm","value":2},{"source":"Graba","target":"Sauvage","value":2},{"source":"Aissaoui","target":"Urien","value":3},{"source":"Gabet","target":"Erasme","value":2},{"source":"Gabet","target":"Grillot","value":1},{"source":"Gabet","target":"Petit","value":1},{"source":"Gabet","target":"Jaouen","value":1},{"source":"Gabet","target":"Nguyen","value":1},{"source":"Gabet","target":"Diamanti","value":2},{"source":"Hoogvorst","target":"Duc","value":6},{"source":"Hoogvorst","target":"Danger","value":8},{"source":"Hoogvorst","target":"Sauvage","value":2},{"source":"Hoogvorst","target":"Chaudhuri","value":1},{"source":"Hoogvorst","target":"Pacalet","value":4},{"source":"Gousseau","target":"Almansa","value":13},{"source":"Gousseau","target":"Morel","value":9},{"source":"Gousseau","target":"Ladjal","value":1},{"source":"Gousseau","target":"Tupin","value":8},{"source":"Gousseau","target":"Roueff","value":2},{"source":"Figeac","target":"Licoppe","value":2},{"source":"Khatoun","target":"Serhrouchni","value":5},{"source":"Dufaux","target":"Pesquet-popescu","value":69},{"source":"Dufaux","target":"Valenzise","value":21},{"source":"Dufaux","target":"Cagnazzo","value":43},{"source":"Dufaux","target":"Le Feuvre","value":2},{"source":"Dufaux","target":"Mathieu","value":1},{"source":"Serhrouchni","target":"Simoni","value":1},{"source":"Serhrouchni","target":"Labiod","value":2},{"source":"Serhrouchni","target":"Khatoun","value":5},{"source":"Diminescu","target":"Bounie","value":1},{"source":"Sharrock","target":"Demeure","value":2},{"source":"Sharrock","target":"Bailly","value":2},{"source":"Sharrock","target":"Lecolinet","value":2},{"source":"Fercoq","target":"Salmon","value":3},{"source":"Fercoq","target":"Gramfort","value":3},{"source":"Fercoq","target":"Bianchi","value":1},{"source":"Draetta","target":"Licoppe","value":1},{"source":"Grenier","target":"Richard","value":15},{"source":"Grenier","target":"David","value":1},{"source":"Grenier","target":"Badeau","value":3},{"source":"Grenier","target":"Moulines","value":1},{"source":"Grenier","target":"Essid","value":3},{"source":"Charon","target":"Charbit","value":2},{"source":"Charon","target":"Hudry","value":41},{"source":"Charon","target":"Cohen","value":4},{"source":"Charon","target":"Lobstein","value":28},{"source":"Licoppe","target":"Nguyen","value":5},{"source":"Licoppe","target":"Cahour","value":5},{"source":"Licoppe","target":"Morel","value":3},{"source":"Licoppe","target":"Draetta","value":1},{"source":"Licoppe","target":"Figeac","value":2},{"source":"Vergne","target":"Decreusefond","value":15},{"source":"Vergne","target":"Randriambololona","value":2},{"source":"Vergne","target":"Martins","value":11},{"source":"Vergne","target":"Le","value":2},{"source":"Sibille","target":"Roblin","value":22},{"source":"Relieu","target":"Morel","value":1},{"source":"Relieu","target":"Cahour","value":3}]}