{"nodes":[{"id":"Huyart","group":3},{"id":"Zhao","group":0},{"id":"Le","group":1},{"id":"Martins","group":4},{"id":"Erasme","group":3},{"id":"Benazza-benyahia","group":0},{"id":"Angelini","group":2},{"id":"Douc","group":0},{"id":"Bartlett","group":0},{"id":"Han","group":0},{"id":"Yu","group":0},{"id":"Pantic","group":0},{"id":"Bickmore","group":0},{"id":"Yi","group":0},{"id":"Hong","group":0},{"id":"Gay","group":0},{"id":"Wang","group":0},{"id":"Pujolle","group":0},{"id":"Bai","group":0},{"id":"Vincent","group":0},{"id":"Zhang","group":0},{"id":"Awwad","group":0},{"id":"Petrovska-delacr\u00e9taz","group":0},{"id":"David","group":2},{"id":"Auer","group":0},{"id":"Dubois","group":0},{"id":"Nassor","group":0},{"id":"Tanaka","group":0},{"id":"Morel","group":1},{"id":"Lee","group":0},{"id":"Liu","group":0},{"id":"Piron","group":0},{"id":"Nicolas","group":2},{"id":"Kelly","group":0},{"id":"Richard","group":2},{"id":"Eisemann","group":0},{"id":"Andr\u00e9","group":0},{"id":"Liang","group":0},{"id":"Pereira","group":0},{"id":"Pochet","group":0},{"id":"Taqqu","group":0},{"id":"Pascucci","group":0},{"id":"Chabanne","group":0},{"id":"Chaibi","group":0},{"id":"Cowie","group":0},{"id":"Wei","group":0},{"id":"Nguyen","group":3},{"id":"Mancini","group":0},{"id":"Bevacqua","group":0},{"id":"Capman","group":0},{"id":"Chen","group":0},{"id":"Hayashi","group":0},{"id":"Zhu","group":0},{"id":"Couillet","group":0},{"id":"Bruzzone","group":0},{"id":"Cohen","group":4},{"id":"Bergman","group":0},{"id":"Choi","group":0},{"id":"Kim","group":0},{"id":"Lu","group":0},{"id":"Schuller","group":0},{"id":"Le Duc","group":0},{"id":"Hu","group":0},{"id":"De","group":0},{"id":"Ochs","group":0},{"id":"Carofiglio","group":0},{"id":"Combettes","group":0},{"id":"Yang","group":0},{"id":"Malloy","group":0},{"id":"Ding","group":0},{"id":"Joder","group":0},{"id":"Fotue","group":0},{"id":"Buades","group":0},{"id":"Poggi","group":0},{"id":"Lai","group":0},{"id":"Steinberg","group":0},{"id":"Kato","group":0},{"id":"Bhasin","group":0},{"id":"Huang","group":0},{"id":"Provost","group":0},{"id":"Daras","group":0},{"id":"Gangemi","group":0},{"id":"Tang","group":0},{"id":"Cheikh","group":0},{"id":"Lim","group":0},{"id":"Smaragdis","group":0},{"id":"Kopp","group":0},{"id":"Kumar","group":0},{"id":"Sun","group":0},{"id":"Martin","group":0},{"id":"Belouchrani","group":0},{"id":"Gratch","group":0},{"id":"Concolato","group":2},{"id":"Shen","group":0},{"id":"Bouqueau","group":0},{"id":"Mysore","group":0},{"id":"Abrilian","group":0},{"id":"Lin","group":0},{"id":"Zhou","group":0},{"id":"Jung","group":0},{"id":"Bianzino","group":0},{"id":"Wigger","group":3},{"id":"Clemente","group":0},{"id":"Park","group":0},{"id":"Fort","group":2},{"id":"Gautier","group":0},{"id":"Koch","group":0},{"id":"Milo","group":0},{"id":"Jabbour","group":0},{"id":"Pham","group":0},{"id":"Even","group":0},{"id":"Banday","group":0},{"id":"An","group":0},{"id":"Abou-elailah","group":0},{"id":"Plumbley","group":0},{"id":"D\u00e9combas","group":0},{"id":"Campuzano","group":0},{"id":"Muller","group":0},{"id":"Nascimento Pagliarini","group":0},{"id":"Cai","group":0},{"id":"Vilhj\u00e1lmsson","group":0},{"id":"Aoki","group":0},{"id":"Schl\u00f6gl","group":0},{"id":"Chang","group":0},{"id":"Cox","group":0},{"id":"Lepage","group":3},{"id":"Leonardi","group":0},{"id":"Varoquaux","group":0},{"id":"Ma","group":0},{"id":"Gao","group":0},{"id":"Guiard","group":4},{"id":"Maghrebi","group":0},{"id":"Su","group":0},{"id":"Bailly","group":4},{"id":"Alexiadis","group":0},{"id":"Liutkus","group":0},{"id":"Xu","group":0},{"id":"Davies","group":0},{"id":"Pelachaud","group":2},{"id":"Rossi","group":4},{"id":"Shamai","group":0},{"id":"Denis","group":1},{"id":"M\u00fcller","group":0},{"id":"Lombard","group":0},{"id":"Simpson","group":0},{"id":"Benabed","group":0},{"id":"Finamore","group":0},{"id":"Wu","group":0},{"id":"Obaid","group":0},{"id":"Rehm","group":0},{"id":"Douglas-cowie","group":0},{"id":"Smirr","group":0},{"id":"Desgreys","group":3},{"id":"Gowing","group":0},{"id":"Beaudouin-lafon","group":0},{"id":"Silverstein","group":0},{"id":"Farah","group":0},{"id":"Hachem","group":3},{"id":"Li","group":0},{"id":"Mora","group":0},{"id":"Pesquet","group":0},{"id":"Langlet","group":0},{"id":"Devillers","group":0},{"id":"Sarrazin","group":0},{"id":"Anfray","group":0},{"id":"Sullivan","group":0},{"id":"Sneddon","group":0},{"id":"Suchanek","group":4},{"id":"Chanclou","group":0},{"id":"Senellart","group":4},{"id":"Schr\u00f6der","group":0},{"id":"Lehmann","group":0},{"id":"Schelkens","group":0},{"id":"Battaner","group":0},{"id":"Mokbel","group":0},{"id":"Aissaoui-mehrez","group":0},{"id":"Pecune","group":0},{"id":"Tournemenne","group":0},{"id":"Amsterdamer","group":0},{"id":"Cassell","group":0},{"id":"Zhioua","group":0},{"id":"Foi","group":0},{"id":"Iellamo","group":0},{"id":"Vasile","group":0},{"id":"Petit","group":3},{"id":"Karaki","group":0},{"id":"Cesar","group":0},{"id":"Niewiadomski","group":0},{"id":"Fillon","group":0},{"id":"Ortega","group":0},{"id":"Frey","group":0},{"id":"Sayrac","group":0},{"id":"Burkhardt","group":0},{"id":"Dhia","group":0},{"id":"Ritschel","group":0},{"id":"Franco","group":0},{"id":"Knorreck","group":0},{"id":"O &apos;connor","group":0},{"id":"Ekman","group":0},{"id":"Le Martret","group":0},{"id":"Heylen","group":0},{"id":"Gal\u00e1rraga","group":0},{"id":"Pinto","group":0},{"id":"Clavel","group":2},{"id":"Mathieu","group":3},{"id":"Mandonnet","group":0},{"id":"Mus\u00e9","group":0},{"id":"Cherif","group":0},{"id":"Kazmierski","group":0},{"id":"Maniu","group":0},{"id":"Wiart","group":0},{"id":"Naacke","group":0},{"id":"Aumont","group":0},{"id":"Naviner","group":3},{"id":"White","group":0},{"id":"Munteanu","group":0},{"id":"Sabouret","group":0},{"id":"Zacchei","group":0},{"id":"M\u00f8ller","group":0},{"id":"F\u00e9votte","group":0},{"id":"Shitz","group":0},{"id":"Prepin","group":0},{"id":"Ravenet","group":0},{"id":"Jemaa","group":0},{"id":"Likforman-sulem","group":0},{"id":"Kameoka","group":0},{"id":"You","group":0},{"id":"Crowley","group":0},{"id":"Montrosset","group":0},{"id":"Daudet","group":0},{"id":"Diamanti","group":4},{"id":"Cl\u00e9men\u00e7on","group":2},{"id":"Milhorat","group":0},{"id":"Walter","group":0},{"id":"Pesquet-popescu","group":2},{"id":"Apvrille","group":3},{"id":"K\u00e9lif","group":0},{"id":"Guilley","group":0},{"id":"Tupin","group":2},{"id":"Batliner","group":0},{"id":"Godlewski","group":4},{"id":"Cheung","group":0},{"id":"Laine","group":0},{"id":"Gagnaire","group":4},{"id":"Baccigalupi","group":0},{"id":"Looser","group":0},{"id":"Testa","group":0},{"id":"Denoual","group":0},{"id":"Nemoianu","group":0},{"id":"Marsella","group":0},{"id":"Rioul","group":3},{"id":"Delon","group":0},{"id":"Greco","group":0},{"id":"Doumith","group":0},{"id":"Debande","group":0},{"id":"Qi","group":0},{"id":"Trouv\u00e9","group":0},{"id":"Rivain","group":0},{"id":"Begaud","group":3},{"id":"Loubaton","group":0},{"id":"Ardon","group":0},{"id":"Grillot","group":3},{"id":"Maazaoui","group":0},{"id":"Chattopadhyay","group":0},{"id":"Boubekeur","group":2},{"id":"Valenti","group":0},{"id":"Thiery","group":0},{"id":"Weikum","group":0},{"id":"Bretto","group":0},{"id":"Abiteboul","group":0},{"id":"Chierchia","group":0},{"id":"Rossini","group":0},{"id":"Cagnazzo","group":2},{"id":"Dutoit","group":0},{"id":"Fernandez","group":1},{"id":"Bovolo","group":0},{"id":"Pr\u00e9pin","group":0},{"id":"Loualiche","group":0},{"id":"Urien","group":4},{"id":"Mckeown","group":0},{"id":"Magron","group":0},{"id":"Bovik","group":0},{"id":"Kaaniche","group":0},{"id":"Garg","group":0},{"id":"Simoni","group":4},{"id":"Andr\u00e8","group":0},{"id":"Perrault","group":0},{"id":"Marcille","group":0},{"id":"Abdessalem","group":4},{"id":"Ebrahimi","group":0},{"id":"Jaou\u00ebn","group":0},{"id":"Bianchi","group":2},{"id":"Khoukhi","group":0},{"id":"Bremer","group":0},{"id":"Glas","group":0},{"id":"Preda","group":0},{"id":"Shabou","group":0},{"id":"Roueff","group":2},{"id":"Iannone","group":4},{"id":"Vallet","group":0},{"id":"Le Feuvre","group":2},{"id":"Bloch","group":2},{"id":"Ade","group":0},{"id":"Raulet","group":0},{"id":"Lo","group":0},{"id":"Valstar","group":0},{"id":"Coupechoux","group":4},{"id":"Pinel","group":0},{"id":"Paques","group":0},{"id":"Steidl","group":0},{"id":"Hastie","group":0},{"id":"Stumme","group":0},{"id":"Bellot","group":4},{"id":"Ba","group":0},{"id":"Xing","group":0},{"id":"Naderi","group":0},{"id":"Essid","group":2},{"id":"Souissi","group":0},{"id":"Homma","group":0},{"id":"Al Zahr","group":0},{"id":"Najm","group":4},{"id":"Stintz","group":0},{"id":"Bertin","group":0},{"id":"Bathula","group":0},{"id":"Arnaud","group":0},{"id":"Fakhoury","group":3},{"id":"Hudry","group":4},{"id":"Ono","group":0},{"id":"Rekaya-ben Othman","group":0},{"id":"Rekaya Ben Othman","group":0},{"id":"Moulines","group":2},{"id":"Ishizuka","group":0},{"id":"Mcrorie","group":0},{"id":"Narayanan","group":0},{"id":"Muscariello","group":0},{"id":"Friedman","group":0},{"id":"Pustelnik","group":0},{"id":"Seidel","group":0},{"id":"Kharlamov","group":0},{"id":"Thirion","group":0},{"id":"Jaffe","group":0},{"id":"Hasegawa","group":0},{"id":"Rossant","group":0},{"id":"Barreiro","group":0},{"id":"Bonaventure","group":0},{"id":"Borde","group":4},{"id":"Gueye","group":0},{"id":"Deniel","group":0},{"id":"Cousin","group":3},{"id":"Jamin","group":0},{"id":"Knopp","group":0},{"id":"Loumeau","group":3},{"id":"Durrieu","group":0},{"id":"Ben Dhia","group":0},{"id":"Chollet","group":2},{"id":"Mackay","group":0},{"id":"Mesnager","group":0},{"id":"Lester","group":0},{"id":"Thedrez","group":0},{"id":"Tchamkerten","group":3},{"id":"Verdoliva","group":0},{"id":"Aug\u00e9","group":0},{"id":"Honkala","group":0},{"id":"Aupetit-berthelemot","group":0},{"id":"Saucez","group":0},{"id":"Nutt","group":0},{"id":"Depecker","group":0},{"id":"Hyniewska","group":0},{"id":"Raj","group":0},{"id":"Mory","group":0},{"id":"Iutzeler","group":0},{"id":"Eyben","group":0},{"id":"Almansa","group":2},{"id":"Kocher","group":0},{"id":"Fourati","group":0},{"id":"Aubonnet","group":0},{"id":"Idrees","group":0},{"id":"Ashdown","group":0},{"id":"Maugey","group":0},{"id":"Badeau","group":2},{"id":"Viterbo","group":0},{"id":"Boudy","group":0},{"id":"Lesage","group":0},{"id":"Jousset","group":0},{"id":"Tilmanne","group":0},{"id":"Amarilli","group":0},{"id":"Girin","group":0},{"id":"Friesen","group":0},{"id":"Najim","group":0},{"id":"Duffau","group":0},{"id":"Danger","group":3},{"id":"Araldo","group":0},{"id":"Tierny","group":2},{"id":"Prade","group":0},{"id":"Feuvre","group":0},{"id":"Bertail","group":0},{"id":"Brites","group":0},{"id":"Morvan","group":0},{"id":"Canat","group":0},{"id":"Diaconescu","group":4},{"id":"Dhanjal","group":0},{"id":"Seung","group":0},{"id":"Ascenso","group":0},{"id":"Capelle","group":0},{"id":"Prendinger","group":0},{"id":"Gauriau","group":0},{"id":"Aldaya","group":0},{"id":"Kelif","group":0},{"id":"Debbah","group":0},{"id":"Sauvage","group":3},{"id":"Meo","group":0},{"id":"Prouff","group":0},{"id":"Le Bidan","group":0},{"id":"Lobstein","group":4},{"id":"Secci","group":0},{"id":"W\u00f6llmer","group":0},{"id":"Capp\u00e9","group":2},{"id":"Ciblat","group":3},{"id":"Morral","group":0},{"id":"Le Corff","group":0},{"id":"D\u00e9tienne","group":0},{"id":"Bringer","group":0},{"id":"Olivo-marin","group":0},{"id":"Yvon","group":0},{"id":"Mendieta","group":0},{"id":"Zaquine","group":4},{"id":"Roblin","group":3},{"id":"Lapidoth","group":0},{"id":"Hotho","group":0},{"id":"Matherat","group":3},{"id":"Rekaya","group":3},{"id":"Roudier","group":0},{"id":"Anquez","group":0},{"id":"Renan","group":0},{"id":"Carlet","group":0},{"id":"Decreusefond","group":4},{"id":"Kechaou","group":0},{"id":"Pedregosa","group":0},{"id":"Pautet","group":4},{"id":"Shashanka","group":0},{"id":"Pagliarini","group":0},{"id":"Ksairi","group":0},{"id":"Strohmeier","group":0},{"id":"Salmon","group":2},{"id":"Valenzise","group":2},{"id":"Aubin","group":0},{"id":"Kunz-jacques","group":0},{"id":"Jakubowicz","group":0},{"id":"Tagliasacchi","group":0},{"id":"Maz\u00e9","group":0},{"id":"Marrauld","group":0},{"id":"Pontille","group":0},{"id":"P\u00e2ques","group":0},{"id":"Rougier","group":4},{"id":"Hudelot","group":0},{"id":"Zonca","group":0},{"id":"Le Montagner","group":0},{"id":"Rabin","group":0},{"id":"Nassar","group":0},{"id":"De Sevin","group":0},{"id":"Tubaro","group":0},{"id":"Egiazarian","group":0},{"id":"Priouret","group":0},{"id":"Gosset","group":3},{"id":"Dahdouh","group":0},{"id":"Alves De Barros Naviner","group":0},{"id":"Deledalle","group":0},{"id":"Belfiore","group":3},{"id":"Dessalles","group":4},{"id":"Saillenfest","group":0},{"id":"Pescap\u00e9","group":0},{"id":"Pescap\u00e8","group":0},{"id":"Ozerov","group":0},{"id":"Aguerrebere","group":0},{"id":"Soiron","group":0},{"id":"Pacalet","group":3},{"id":"Tabbane","group":0},{"id":"Gribonval","group":0},{"id":"N\u00f6th","group":0},{"id":"Khemiri","group":0},{"id":"Mestre","group":0},{"id":"Urbain","group":0},{"id":"Gramfort","group":2},{"id":"Dufourd","group":2},{"id":"Elie","group":0},{"id":"Varault","group":0},{"id":"Cautis","group":0},{"id":"De Saqui-sannes","group":0},{"id":"Lecolinet","group":4},{"id":"Pincemin","group":0},{"id":"Jouguet","group":0},{"id":"Dehaese","group":0},{"id":"Teller","group":0},{"id":"Aghanim","group":0},{"id":"M\u00f6ller","group":0},{"id":"Casilli","group":1},{"id":"Katkovnik","group":0},{"id":"Kasneci","group":0},{"id":"Schires","group":0},{"id":"Gallion","group":3},{"id":"Patey","group":0},{"id":"Presutti","group":0},{"id":"Abed-meraim","group":0},{"id":"Labiod","group":4},{"id":"Chaux","group":0},{"id":"Parvaix","group":0},{"id":"Vayatis","group":0},{"id":"Graba","group":3},{"id":"Kovanis","group":0},{"id":"Petrazzuoli","group":0},{"id":"Hoogvorst","group":3},{"id":"Baud","group":0},{"id":"Gousseau","group":2},{"id":"Rigoll","group":0},{"id":"Gioannini","group":0},{"id":"Hennequin","group":0},{"id":"Bosmans","group":0},{"id":"Klausz","group":0},{"id":"Sakarovitch","group":4},{"id":"Collaboration","group":0},{"id":"Sagayama","group":0},{"id":"Raghunathan","group":0},{"id":"Khatoun","group":4},{"id":"Dufaux","group":2},{"id":"Heuser","group":0},{"id":"Coll","group":0},{"id":"Faheem","group":0},{"id":"Geeraert","group":0},{"id":"Saliou","group":0},{"id":"Barcellini","group":0},{"id":"Fuentes","group":0},{"id":"Mejri","group":0},{"id":"Wiegand","group":0},{"id":"Cand\u00e9s","group":0},{"id":"Cand\u00e8s","group":0},{"id":"Grenier","group":2},{"id":"Brunina","group":0},{"id":"Minelli","group":0},{"id":"Timo","group":0},{"id":"Mabrouk","group":0},{"id":"Rosenbluth","group":0},{"id":"Gaudel","group":0},{"id":"Charon","group":4},{"id":"Colliot","group":0},{"id":"Mellia","group":0},{"id":"Atif","group":0},{"id":"Flament","group":0},{"id":"Dubuisson","group":0},{"id":"Vergne","group":4},{"id":"Salgarelli","group":0},{"id":"Chandar","group":0},{"id":"Gringoli","group":0},{"id":"Tibshirani","group":0},{"id":"Merghem","group":0},{"id":"Lombardy","group":0},{"id":"Sibille","group":3},{"id":"Robbiano","group":0},{"id":"Vinciarelli","group":0},{"id":"Garivier","group":0}],"links":[{"source":"Huyart","target":"Cousin","value":10},{"source":"Huyart","target":"Kumar","value":3},{"source":"Huyart","target":"Mabrouk","value":5},{"source":"Zhao","target":"Zhang","value":2},{"source":"Zhao","target":"Wang","value":5},{"source":"Zhao","target":"Liu","value":4},{"source":"Le","target":"Obaid","value":2},{"source":"Le","target":"Bevacqua","value":3},{"source":"Le","target":"Looser","value":2},{"source":"Le","target":"Pelachaud","value":8},{"source":"Martins","target":"Decreusefond","value":20},{"source":"Martins","target":"Vergne","value":1},{"source":"Erasme","target":"Chaibi","value":19},{"source":"Erasme","target":"Grillot","value":13},{"source":"Erasme","target":"Anfray","value":13},{"source":"Erasme","target":"Chanclou","value":25},{"source":"Erasme","target":"Kazmierski","value":18},{"source":"Erasme","target":"Aupetit-berthelemot","value":14},{"source":"Erasme","target":"Kechaou","value":15},{"source":"Erasme","target":"Aubin","value":12},{"source":"Erasme","target":"Provost","value":1},{"source":"Erasme","target":"Deniel","value":2},{"source":"Erasme","target":"Saliou","value":2},{"source":"Benazza-benyahia","target":"Pesquet","value":2},{"source":"Angelini","target":"Laine","value":14},{"source":"Angelini","target":"Bloch","value":28},{"source":"Angelini","target":"Anquez","value":2},{"source":"Angelini","target":"Olivo-marin","value":20},{"source":"Angelini","target":"Le Montagner","value":6},{"source":"Douc","target":"Moulines","value":12},{"source":"Bartlett","target":"Benabed","value":2},{"source":"Bartlett","target":"Battaner","value":2},{"source":"Bartlett","target":"Aumont","value":2},{"source":"Bartlett","target":"Zacchei","value":1},{"source":"Bartlett","target":"Baccigalupi","value":2},{"source":"Bartlett","target":"Barreiro","value":2},{"source":"Bartlett","target":"Ashdown","value":2},{"source":"Bartlett","target":"Ade","value":1},{"source":"Bartlett","target":"Yvon","value":1},{"source":"Bartlett","target":"Zonca","value":1},{"source":"Bartlett","target":"Banday","value":3},{"source":"Han","target":"Wang","value":6},{"source":"Yu","target":"Wang","value":6},{"source":"Yu","target":"Li","value":3},{"source":"Yu","target":"Zhang","value":5},{"source":"Yu","target":"Liu","value":4},{"source":"Yu","target":"Wu","value":1},{"source":"Pantic","target":"Vinciarelli","value":1},{"source":"Pantic","target":"Cowie","value":2},{"source":"Pantic","target":"Valstar","value":10},{"source":"Bickmore","target":"Cassell","value":4},{"source":"Bickmore","target":"Vilhj\u00e1lmsson","value":2},{"source":"Yi","target":"Wei","value":9},{"source":"Yi","target":"Jaou\u00ebn","value":9},{"source":"Yi","target":"Hu","value":8},{"source":"Hong","target":"Lee","value":1},{"source":"Gay","target":"Trouv\u00e9","value":2},{"source":"Wang","target":"Even","value":30},{"source":"Wang","target":"Grillot","value":35},{"source":"Wang","target":"Huang","value":9},{"source":"Wang","target":"Yu","value":6},{"source":"Wang","target":"Lin","value":3},{"source":"Wang","target":"Xu","value":4},{"source":"Wang","target":"Liu","value":23},{"source":"Wang","target":"Lu","value":3},{"source":"Wang","target":"Li","value":28},{"source":"Wang","target":"Zhang","value":33},{"source":"Wang","target":"Gao","value":12},{"source":"Wang","target":"Zhao","value":5},{"source":"Wang","target":"Yang","value":36},{"source":"Wang","target":"Zhou","value":6},{"source":"Wang","target":"Chen","value":32},{"source":"Wang","target":"Han","value":6},{"source":"Wang","target":"Wu","value":7},{"source":"Wang","target":"Shen","value":1},{"source":"Wang","target":"Bovik","value":6},{"source":"Pujolle","target":"Urien","value":7},{"source":"Pujolle","target":"Aissaoui-mehrez","value":3},{"source":"Bai","target":"Silverstein","value":3},{"source":"Vincent","target":"Gribonval","value":7},{"source":"Vincent","target":"Richard","value":3},{"source":"Vincent","target":"Badeau","value":3},{"source":"Vincent","target":"Bertin","value":5},{"source":"Zhang","target":"Zhao","value":2},{"source":"Zhang","target":"Huang","value":6},{"source":"Zhang","target":"Liu","value":33},{"source":"Zhang","target":"Chen","value":29},{"source":"Zhang","target":"Zhu","value":9},{"source":"Zhang","target":"Lin","value":1},{"source":"Zhang","target":"Wang","value":33},{"source":"Zhang","target":"Li","value":47},{"source":"Zhang","target":"Xu","value":6},{"source":"Zhang","target":"Yang","value":14},{"source":"Zhang","target":"Lu","value":5},{"source":"Zhang","target":"Wu","value":6},{"source":"Zhang","target":"Yu","value":5},{"source":"Zhang","target":"Zhou","value":3},{"source":"Zhang","target":"Tang","value":2},{"source":"Zhang","target":"Shen","value":3},{"source":"Awwad","target":"Jaou\u00ebn","value":6},{"source":"Petrovska-delacr\u00e9taz","target":"Chollet","value":12},{"source":"Petrovska-delacr\u00e9taz","target":"Khemiri","value":5},{"source":"David","target":"Gautier","value":1},{"source":"David","target":"Elie","value":1},{"source":"David","target":"Magron","value":1},{"source":"David","target":"Badeau","value":35},{"source":"David","target":"Hennequin","value":7},{"source":"David","target":"Richard","value":18},{"source":"Auer","target":"Lehmann","value":1},{"source":"Dubois","target":"Prade","value":9},{"source":"Nassor","target":"Denoual","value":37},{"source":"Nassor","target":"Le Feuvre","value":35},{"source":"Nassor","target":"Maz\u00e9","value":37},{"source":"Nassor","target":"Concolato","value":37},{"source":"Tanaka","target":"Kato","value":2},{"source":"Morel","target":"Buades","value":9},{"source":"Morel","target":"Coll","value":5},{"source":"Morel","target":"Almansa","value":1},{"source":"Lee","target":"Park","value":17},{"source":"Lee","target":"Hong","value":1},{"source":"Lee","target":"Kim","value":32},{"source":"Lee","target":"Seung","value":5},{"source":"Lee","target":"Narayanan","value":5},{"source":"Liu","target":"Sun","value":6},{"source":"Liu","target":"Zhang","value":33},{"source":"Liu","target":"Chen","value":4},{"source":"Liu","target":"Huang","value":4},{"source":"Liu","target":"Wang","value":23},{"source":"Liu","target":"Lu","value":2},{"source":"Liu","target":"Li","value":29},{"source":"Liu","target":"Zhao","value":4},{"source":"Liu","target":"Yu","value":4},{"source":"Liu","target":"Cai","value":2},{"source":"Liu","target":"Alves De Barros Naviner","value":3},{"source":"Liu","target":"Lin","value":1},{"source":"Liu","target":"Liang","value":2},{"source":"Liu","target":"Simpson","value":1},{"source":"Piron","target":"Loualiche","value":6},{"source":"Piron","target":"Grillot","value":6},{"source":"Nicolas","target":"Tupin","value":13},{"source":"Nicolas","target":"Trouv\u00e9","value":13},{"source":"Kelly","target":"Daras","value":2},{"source":"Kelly","target":"Gowing","value":2},{"source":"Kelly","target":"Tournemenne","value":2},{"source":"Kelly","target":"Essid","value":2},{"source":"Richard","target":"Daudet","value":24},{"source":"Richard","target":"Grenier","value":5},{"source":"Richard","target":"David","value":18},{"source":"Richard","target":"Durrieu","value":1},{"source":"Richard","target":"Badeau","value":55},{"source":"Richard","target":"Essid","value":47},{"source":"Richard","target":"Vincent","value":3},{"source":"Richard","target":"Liutkus","value":24},{"source":"Richard","target":"Girin","value":2},{"source":"Richard","target":"Joder","value":8},{"source":"Richard","target":"Fuentes","value":5},{"source":"Eisemann","target":"Ritschel","value":2},{"source":"Eisemann","target":"Seidel","value":3},{"source":"Andr\u00e9","target":"Andr\u00e8","value":24},{"source":"Andr\u00e9","target":"Rehm","value":1},{"source":"Liang","target":"Liu","value":2},{"source":"Pereira","target":"Brites","value":5},{"source":"Pereira","target":"Ascenso","value":5},{"source":"Pochet","target":"Naderi","value":1},{"source":"Pochet","target":"Lester","value":2},{"source":"Taqqu","target":"Roueff","value":8},{"source":"Taqqu","target":"Moulines","value":4},{"source":"Pascucci","target":"Bremer","value":6},{"source":"Pascucci","target":"Tierny","value":6},{"source":"Chabanne","target":"Bringer","value":16},{"source":"Chabanne","target":"Patey","value":2},{"source":"Chaibi","target":"Erasme","value":19},{"source":"Chaibi","target":"Grillot","value":5},{"source":"Chaibi","target":"Anfray","value":3},{"source":"Chaibi","target":"Kazmierski","value":7},{"source":"Chaibi","target":"Aupetit-berthelemot","value":3},{"source":"Cowie","target":"Cox","value":1},{"source":"Cowie","target":"Devillers","value":4},{"source":"Cowie","target":"Martin","value":6},{"source":"Cowie","target":"Mcrorie","value":3},{"source":"Cowie","target":"Schr\u00f6der","value":2},{"source":"Cowie","target":"Douglas-cowie","value":25},{"source":"Cowie","target":"Pantic","value":2},{"source":"Cowie","target":"Valstar","value":1},{"source":"Cowie","target":"Mckeown","value":1},{"source":"Cowie","target":"Abrilian","value":3},{"source":"Wei","target":"Yi","value":9},{"source":"Wei","target":"Jaou\u00ebn","value":11},{"source":"Wei","target":"Hu","value":8},{"source":"Nguyen","target":"Le Duc","value":1},{"source":"Nguyen","target":"Desgreys","value":10},{"source":"Nguyen","target":"Jamin","value":7},{"source":"Nguyen","target":"Jabbour","value":24},{"source":"Nguyen","target":"Loumeau","value":18},{"source":"Mancini","target":"Pelachaud","value":29},{"source":"Mancini","target":"Niewiadomski","value":4},{"source":"Mancini","target":"Bevacqua","value":4},{"source":"Bevacqua","target":"Niewiadomski","value":14},{"source":"Bevacqua","target":"Mancini","value":4},{"source":"Bevacqua","target":"Pelachaud","value":43},{"source":"Bevacqua","target":"De Sevin","value":9},{"source":"Bevacqua","target":"Le","value":3},{"source":"Capman","target":"D\u00e9combas","value":1},{"source":"Capman","target":"Pesquet-popescu","value":2},{"source":"Capman","target":"Renan","value":1},{"source":"Capman","target":"Dufaux","value":1},{"source":"Chen","target":"Coupechoux","value":6},{"source":"Chen","target":"Iellamo","value":6},{"source":"Chen","target":"Liu","value":4},{"source":"Chen","target":"Zhang","value":29},{"source":"Chen","target":"Wang","value":32},{"source":"Chen","target":"Yang","value":6},{"source":"Chen","target":"Li","value":9},{"source":"Chen","target":"Lin","value":7},{"source":"Chen","target":"Wu","value":7},{"source":"Chen","target":"Huang","value":7},{"source":"Chen","target":"Chang","value":3},{"source":"Hayashi","target":"Danger","value":2},{"source":"Hayashi","target":"Homma","value":3},{"source":"Zhu","target":"Zhang","value":9},{"source":"Couillet","target":"Hachem","value":6},{"source":"Couillet","target":"Debbah","value":1},{"source":"Bruzzone","target":"Bovolo","value":6},{"source":"Cohen","target":"Mesnager","value":8},{"source":"Bergman","target":"Lai","value":8},{"source":"Choi","target":"Kim","value":5},{"source":"Kim","target":"Park","value":13},{"source":"Kim","target":"Lim","value":2},{"source":"Kim","target":"Choi","value":5},{"source":"Kim","target":"Lee","value":32},{"source":"Lu","target":"Wang","value":3},{"source":"Lu","target":"Liu","value":2},{"source":"Lu","target":"Li","value":2},{"source":"Lu","target":"Zhang","value":5},{"source":"Schuller","target":"Steidl","value":3},{"source":"Schuller","target":"Batliner","value":3},{"source":"Schuller","target":"Eyben","value":5},{"source":"Schuller","target":"W\u00f6llmer","value":4},{"source":"Schuller","target":"Rigoll","value":1},{"source":"Le Duc","target":"Nguyen","value":1},{"source":"Hu","target":"Yi","value":8},{"source":"Hu","target":"Wei","value":8},{"source":"Hu","target":"Jaou\u00ebn","value":8},{"source":"De","target":"Pagliarini","value":2},{"source":"De","target":"Naviner","value":25},{"source":"Ochs","target":"Sabouret","value":2},{"source":"Ochs","target":"Chollet","value":13},{"source":"Ochs","target":"Pelachaud","value":81},{"source":"Ochs","target":"Ravenet","value":15},{"source":"Ochs","target":"Prepin","value":1},{"source":"Carofiglio","target":"Muscariello","value":2},{"source":"Combettes","target":"Pesquet","value":13},{"source":"Yang","target":"Wang","value":36},{"source":"Yang","target":"Zhang","value":14},{"source":"Yang","target":"Chen","value":6},{"source":"Yang","target":"Wiart","value":7},{"source":"Yang","target":"Bloch","value":9},{"source":"Malloy","target":"Stintz","value":1},{"source":"Ding","target":"Pelachaud","value":15},{"source":"Joder","target":"Essid","value":14},{"source":"Joder","target":"Richard","value":8},{"source":"Fotue","target":"Labiod","value":3},{"source":"Buades","target":"Morel","value":9},{"source":"Buades","target":"Coll","value":2},{"source":"Poggi","target":"Pelachaud","value":17},{"source":"Poggi","target":"Verdoliva","value":1},{"source":"Lai","target":"Bergman","value":8},{"source":"Lai","target":"Garg","value":1},{"source":"Lai","target":"Brunina","value":2},{"source":"Lai","target":"Bathula","value":2},{"source":"Steinberg","target":"Wigger","value":1},{"source":"Kato","target":"Tanaka","value":2},{"source":"Kato","target":"Hasegawa","value":2},{"source":"Bhasin","target":"Danger","value":39},{"source":"Bhasin","target":"Guilley","value":34},{"source":"Bhasin","target":"Graba","value":3},{"source":"Bhasin","target":"Najm","value":6},{"source":"Huang","target":"Zhang","value":6},{"source":"Huang","target":"Wang","value":9},{"source":"Huang","target":"Liu","value":4},{"source":"Huang","target":"Chen","value":7},{"source":"Huang","target":"Li","value":1},{"source":"Huang","target":"Pelachaud","value":2},{"source":"Provost","target":"Erasme","value":1},{"source":"Provost","target":"Grillot","value":15},{"source":"Daras","target":"Alexiadis","value":1},{"source":"Daras","target":"Gowing","value":1},{"source":"Daras","target":"Tournemenne","value":1},{"source":"Daras","target":"Kelly","value":2},{"source":"Daras","target":"Essid","value":3},{"source":"Daras","target":"O &apos;connor","value":2},{"source":"Gangemi","target":"Presutti","value":3},{"source":"Tang","target":"Zhang","value":2},{"source":"Tang","target":"Li","value":3},{"source":"Cheikh","target":"Coupechoux","value":4},{"source":"Lim","target":"Kim","value":2},{"source":"Smaragdis","target":"Mysore","value":3},{"source":"Smaragdis","target":"Raj","value":8},{"source":"Smaragdis","target":"Shashanka","value":3},{"source":"Kopp","target":"Pelachaud","value":1},{"source":"Kumar","target":"Huyart","value":3},{"source":"Kumar","target":"Cousin","value":5},{"source":"Kumar","target":"Coupechoux","value":2},{"source":"Kumar","target":"Chattopadhyay","value":2},{"source":"Sun","target":"Liu","value":6},{"source":"Martin","target":"Cowie","value":6},{"source":"Martin","target":"Devillers","value":13},{"source":"Martin","target":"Pelachaud","value":1},{"source":"Martin","target":"Mcrorie","value":4},{"source":"Martin","target":"Douglas-cowie","value":7},{"source":"Martin","target":"Abrilian","value":7},{"source":"Belouchrani","target":"Abed-meraim","value":2},{"source":"Gratch","target":"Marsella","value":1},{"source":"Concolato","target":"Nassor","value":37},{"source":"Concolato","target":"Denoual","value":42},{"source":"Concolato","target":"Le Feuvre","value":110},{"source":"Concolato","target":"Maz\u00e9","value":41},{"source":"Concolato","target":"Feuvre","value":4},{"source":"Concolato","target":"Bouqueau","value":1},{"source":"Concolato","target":"Dufourd","value":4},{"source":"Shen","target":"Wang","value":1},{"source":"Shen","target":"Zhang","value":3},{"source":"Bouqueau","target":"Concolato","value":1},{"source":"Bouqueau","target":"Le Feuvre","value":3},{"source":"Mysore","target":"Smaragdis","value":3},{"source":"Abrilian","target":"Cowie","value":3},{"source":"Abrilian","target":"Martin","value":7},{"source":"Abrilian","target":"Douglas-cowie","value":4},{"source":"Abrilian","target":"Devillers","value":5},{"source":"Abrilian","target":"Mcrorie","value":1},{"source":"Lin","target":"Zhang","value":1},{"source":"Lin","target":"Wang","value":3},{"source":"Lin","target":"Liu","value":1},{"source":"Lin","target":"Grillot","value":7},{"source":"Lin","target":"Lester","value":4},{"source":"Lin","target":"Li","value":5},{"source":"Lin","target":"Chen","value":7},{"source":"Zhou","target":"Wang","value":6},{"source":"Zhou","target":"Zhang","value":3},{"source":"Jung","target":"Pesquet-popescu","value":9},{"source":"Jung","target":"Cagnazzo","value":9},{"source":"Jung","target":"Mora","value":3},{"source":"Bianzino","target":"Rossi","value":5},{"source":"Bianzino","target":"Rougier","value":1},{"source":"Wigger","target":"Steinberg","value":1},{"source":"Wigger","target":"Lapidoth","value":7},{"source":"Wigger","target":"Timo","value":2},{"source":"Wigger","target":"Wu","value":2},{"source":"Clemente","target":"Begaud","value":4},{"source":"Clemente","target":"Lepage","value":1},{"source":"Park","target":"Kim","value":13},{"source":"Park","target":"Lee","value":17},{"source":"Fort","target":"Moulines","value":34},{"source":"Fort","target":"Priouret","value":2},{"source":"Fort","target":"Le Corff","value":3},{"source":"Fort","target":"Bianchi","value":5},{"source":"Gautier","target":"David","value":1},{"source":"Gautier","target":"Elie","value":5},{"source":"Koch","target":"Rossant","value":2},{"source":"Milo","target":"Senellart","value":3},{"source":"Milo","target":"Amsterdamer","value":7},{"source":"Jabbour","target":"Nguyen","value":24},{"source":"Jabbour","target":"Desgreys","value":1},{"source":"Jabbour","target":"Loumeau","value":4},{"source":"Pham","target":"Desgreys","value":2},{"source":"Pham","target":"Loumeau","value":2},{"source":"Even","target":"Grillot","value":41},{"source":"Even","target":"Wang","value":30},{"source":"Even","target":"Loualiche","value":7},{"source":"Even","target":"Gioannini","value":1},{"source":"Banday","target":"Bartlett","value":3},{"source":"Banday","target":"Benabed","value":3},{"source":"Banday","target":"Battaner","value":3},{"source":"Banday","target":"Aumont","value":3},{"source":"Banday","target":"Zacchei","value":2},{"source":"Banday","target":"Baccigalupi","value":3},{"source":"Banday","target":"Barreiro","value":3},{"source":"Banday","target":"Ashdown","value":3},{"source":"Banday","target":"Ade","value":2},{"source":"Banday","target":"Yvon","value":2},{"source":"Banday","target":"Zonca","value":2},{"source":"Banday","target":"White","value":1},{"source":"An","target":"Alves De Barros Naviner","value":3},{"source":"Abou-elailah","target":"Pesquet-popescu","value":7},{"source":"Abou-elailah","target":"Cagnazzo","value":9},{"source":"Abou-elailah","target":"Dufaux","value":11},{"source":"Abou-elailah","target":"Farah","value":10},{"source":"Plumbley","target":"Davies","value":2},{"source":"Plumbley","target":"Badeau","value":3},{"source":"D\u00e9combas","target":"Capman","value":1},{"source":"D\u00e9combas","target":"Pesquet-popescu","value":4},{"source":"D\u00e9combas","target":"Dufaux","value":3},{"source":"Campuzano","target":"Aldaya","value":2},{"source":"Campuzano","target":"Gosset","value":1},{"source":"Muller","target":"Bosmans","value":1},{"source":"Muller","target":"Klausz","value":1},{"source":"Muller","target":"Geeraert","value":2},{"source":"Muller","target":"Bloch","value":1},{"source":"Nascimento Pagliarini","target":"Naviner","value":10},{"source":"Nascimento Pagliarini","target":"Alves De Barros Naviner","value":7},{"source":"Cai","target":"Liu","value":2},{"source":"Cai","target":"Alves De Barros Naviner","value":6},{"source":"Cai","target":"Naviner","value":8},{"source":"Cai","target":"Petit","value":4},{"source":"Vilhj\u00e1lmsson","target":"Bickmore","value":2},{"source":"Aoki","target":"Homma","value":3},{"source":"Schl\u00f6gl","target":"Milhorat","value":4},{"source":"Schl\u00f6gl","target":"Chollet","value":5},{"source":"Schl\u00f6gl","target":"Boudy","value":3},{"source":"Chang","target":"Chen","value":3},{"source":"Cox","target":"Cowie","value":1},{"source":"Cox","target":"Douglas-cowie","value":2},{"source":"Lepage","target":"Begaud","value":68},{"source":"Lepage","target":"Clemente","value":1},{"source":"Lepage","target":"Sarrazin","value":14},{"source":"Lepage","target":"Jousset","value":2},{"source":"Lepage","target":"Varault","value":1},{"source":"Leonardi","target":"Rossi","value":2},{"source":"Varoquaux","target":"Gramfort","value":6},{"source":"Varoquaux","target":"Thirion","value":6},{"source":"Ma","target":"Li","value":1},{"source":"Ma","target":"Godlewski","value":1},{"source":"Ma","target":"Coupechoux","value":2},{"source":"Ma","target":"Minelli","value":2},{"source":"Gao","target":"Wang","value":12},{"source":"Gao","target":"Li","value":2},{"source":"Guiard","target":"Perrault","value":2},{"source":"Guiard","target":"Lecolinet","value":13},{"source":"Guiard","target":"Rioul","value":1},{"source":"Maghrebi","target":"Guilley","value":12},{"source":"Maghrebi","target":"Danger","value":11},{"source":"Su","target":"Lester","value":7},{"source":"Bailly","target":"Lecolinet","value":16},{"source":"Bailly","target":"M\u00fcller","value":11},{"source":"Bailly","target":"M\u00f8ller","value":10},{"source":"Alexiadis","target":"Daras","value":1},{"source":"Liutkus","target":"Richard","value":24},{"source":"Liutkus","target":"Daudet","value":5},{"source":"Liutkus","target":"Girin","value":4},{"source":"Liutkus","target":"Badeau","value":31},{"source":"Xu","target":"Wang","value":4},{"source":"Xu","target":"Zhang","value":6},{"source":"Xu","target":"Li","value":9},{"source":"Davies","target":"Plumbley","value":2},{"source":"Pelachaud","target":"Kopp","value":1},{"source":"Pelachaud","target":"Ding","value":15},{"source":"Pelachaud","target":"Mancini","value":29},{"source":"Pelachaud","target":"Poggi","value":17},{"source":"Pelachaud","target":"Niewiadomski","value":41},{"source":"Pelachaud","target":"Heylen","value":10},{"source":"Pelachaud","target":"Bevacqua","value":43},{"source":"Pelachaud","target":"Martin","value":1},{"source":"Pelachaud","target":"Schr\u00f6der","value":2},{"source":"Pelachaud","target":"De Sevin","value":10},{"source":"Pelachaud","target":"Pecune","value":5},{"source":"Pelachaud","target":"Chollet","value":18},{"source":"Pelachaud","target":"Ochs","value":81},{"source":"Pelachaud","target":"Dutoit","value":1},{"source":"Pelachaud","target":"Urbain","value":1},{"source":"Pelachaud","target":"Le","value":8},{"source":"Pelachaud","target":"Prepin","value":15},{"source":"Pelachaud","target":"Huang","value":2},{"source":"Pelachaud","target":"Clavel","value":4},{"source":"Pelachaud","target":"Glas","value":6},{"source":"Pelachaud","target":"Ravenet","value":13},{"source":"Pelachaud","target":"Pr\u00e9pin","value":1},{"source":"Pelachaud","target":"Fourati","value":8},{"source":"Pelachaud","target":"Hyniewska","value":5},{"source":"Rossi","target":"Testa","value":19},{"source":"Rossi","target":"Valenti","value":20},{"source":"Rossi","target":"Finamore","value":5},{"source":"Rossi","target":"Aug\u00e9","value":1},{"source":"Rossi","target":"Friedman","value":8},{"source":"Rossi","target":"Leonardi","value":2},{"source":"Rossi","target":"Bianzino","value":5},{"source":"Rossi","target":"Mellia","value":18},{"source":"Rossi","target":"Muscariello","value":8},{"source":"Rossi","target":"Araldo","value":1},{"source":"Rossi","target":"Rossini","value":20},{"source":"Rossi","target":"Meo","value":7},{"source":"Shamai","target":"Shitz","value":1},{"source":"Denis","target":"Tupin","value":31},{"source":"Denis","target":"Deledalle","value":24},{"source":"Denis","target":"Pontille","value":1},{"source":"M\u00fcller","target":"M\u00f6ller","value":11},{"source":"M\u00fcller","target":"M\u00f8ller","value":58},{"source":"M\u00fcller","target":"Bailly","value":11},{"source":"M\u00fcller","target":"Walter","value":1},{"source":"Lombard","target":"Canat","value":1},{"source":"Lombard","target":"Jaou\u00ebn","value":2},{"source":"Simpson","target":"Liu","value":1},{"source":"Benabed","target":"Bartlett","value":2},{"source":"Benabed","target":"Battaner","value":3},{"source":"Benabed","target":"Aumont","value":3},{"source":"Benabed","target":"Zacchei","value":2},{"source":"Benabed","target":"Baccigalupi","value":3},{"source":"Benabed","target":"Barreiro","value":3},{"source":"Benabed","target":"Ashdown","value":3},{"source":"Benabed","target":"Ade","value":2},{"source":"Benabed","target":"Yvon","value":2},{"source":"Benabed","target":"Zonca","value":2},{"source":"Benabed","target":"Banday","value":3},{"source":"Benabed","target":"White","value":1},{"source":"Finamore","target":"Rossi","value":5},{"source":"Finamore","target":"Mellia","value":8},{"source":"Finamore","target":"Meo","value":1},{"source":"Wu","target":"Li","value":8},{"source":"Wu","target":"Zhang","value":6},{"source":"Wu","target":"Wang","value":7},{"source":"Wu","target":"Chen","value":7},{"source":"Wu","target":"Yu","value":1},{"source":"Wu","target":"Wigger","value":2},{"source":"Obaid","target":"Le","value":2},{"source":"Rehm","target":"Andr\u00e9","value":1},{"source":"Douglas-cowie","target":"Cowie","value":25},{"source":"Douglas-cowie","target":"Cox","value":2},{"source":"Douglas-cowie","target":"Devillers","value":5},{"source":"Douglas-cowie","target":"Martin","value":7},{"source":"Douglas-cowie","target":"Mcrorie","value":3},{"source":"Douglas-cowie","target":"Abrilian","value":4},{"source":"Smirr","target":"Diamanti","value":1},{"source":"Smirr","target":"Zaquine","value":1},{"source":"Smirr","target":"Frey","value":1},{"source":"Desgreys","target":"Nguyen","value":10},{"source":"Desgreys","target":"Jamin","value":3},{"source":"Desgreys","target":"Jabbour","value":1},{"source":"Desgreys","target":"Loumeau","value":15},{"source":"Desgreys","target":"Pham","value":2},{"source":"Gowing","target":"Daras","value":1},{"source":"Gowing","target":"Tournemenne","value":3},{"source":"Gowing","target":"Kelly","value":2},{"source":"Gowing","target":"Essid","value":3},{"source":"Beaudouin-lafon","target":"Mackay","value":2},{"source":"Silverstein","target":"Bai","value":3},{"source":"Farah","target":"Pesquet-popescu","value":21},{"source":"Farah","target":"Abou-elailah","value":10},{"source":"Farah","target":"Cagnazzo","value":12},{"source":"Farah","target":"Dufaux","value":11},{"source":"Hachem","target":"Couillet","value":6},{"source":"Hachem","target":"Mestre","value":11},{"source":"Hachem","target":"Bianchi","value":14},{"source":"Hachem","target":"Jakubowicz","value":2},{"source":"Hachem","target":"Najim","value":26},{"source":"Hachem","target":"Loubaton","value":15},{"source":"Hachem","target":"Ciblat","value":8},{"source":"Hachem","target":"Iutzeler","value":3},{"source":"Hachem","target":"Vallet","value":8},{"source":"Li","target":"Wu","value":8},{"source":"Li","target":"Ma","value":1},{"source":"Li","target":"Yu","value":3},{"source":"Li","target":"Wang","value":28},{"source":"Li","target":"Liu","value":29},{"source":"Li","target":"Lu","value":2},{"source":"Li","target":"Zhang","value":47},{"source":"Li","target":"Xu","value":9},{"source":"Li","target":"Lester","value":13},{"source":"Li","target":"Lin","value":5},{"source":"Li","target":"Chen","value":9},{"source":"Li","target":"Tang","value":3},{"source":"Li","target":"Gao","value":2},{"source":"Li","target":"Huang","value":1},{"source":"Mora","target":"Pesquet-popescu","value":7},{"source":"Mora","target":"Jung","value":3},{"source":"Mora","target":"Cagnazzo","value":5},{"source":"Pesquet","target":"Benazza-benyahia","value":2},{"source":"Pesquet","target":"Kaaniche","value":6},{"source":"Pesquet","target":"Pesquet-popescu","value":31},{"source":"Pesquet","target":"Chaux","value":7},{"source":"Pesquet","target":"Combettes","value":13},{"source":"Pesquet","target":"Chierchia","value":5},{"source":"Pesquet","target":"Pustelnik","value":10},{"source":"Langlet","target":"Clavel","value":3},{"source":"Devillers","target":"Cowie","value":4},{"source":"Devillers","target":"Martin","value":13},{"source":"Devillers","target":"Mcrorie","value":2},{"source":"Devillers","target":"Douglas-cowie","value":5},{"source":"Devillers","target":"Abrilian","value":5},{"source":"Sarrazin","target":"Begaud","value":11},{"source":"Sarrazin","target":"Lepage","value":14},{"source":"Anfray","target":"Erasme","value":13},{"source":"Anfray","target":"Chanclou","value":10},{"source":"Anfray","target":"Kazmierski","value":10},{"source":"Anfray","target":"Aupetit-berthelemot","value":11},{"source":"Anfray","target":"Kechaou","value":6},{"source":"Anfray","target":"Aubin","value":9},{"source":"Anfray","target":"Chaibi","value":3},{"source":"Sullivan","target":"Wiegand","value":8},{"source":"Sneddon","target":"Mcrorie","value":4},{"source":"Suchanek","target":"Weikum","value":19},{"source":"Suchanek","target":"Senellart","value":4},{"source":"Suchanek","target":"Preda","value":1},{"source":"Suchanek","target":"Kasneci","value":6},{"source":"Suchanek","target":"Gal\u00e1rraga","value":4},{"source":"Chanclou","target":"Erasme","value":25},{"source":"Chanclou","target":"Anfray","value":10},{"source":"Chanclou","target":"Kazmierski","value":7},{"source":"Chanclou","target":"Aupetit-berthelemot","value":11},{"source":"Chanclou","target":"Kechaou","value":6},{"source":"Chanclou","target":"Aubin","value":9},{"source":"Chanclou","target":"Saliou","value":2},{"source":"Senellart","target":"Faheem","value":3},{"source":"Senellart","target":"Suchanek","value":4},{"source":"Senellart","target":"Milo","value":3},{"source":"Senellart","target":"Amsterdamer","value":2},{"source":"Senellart","target":"Abiteboul","value":17},{"source":"Senellart","target":"Kharlamov","value":1},{"source":"Senellart","target":"Abdessalem","value":6},{"source":"Senellart","target":"Ba","value":6},{"source":"Senellart","target":"Amarilli","value":6},{"source":"Schr\u00f6der","target":"Cowie","value":2},{"source":"Schr\u00f6der","target":"Pelachaud","value":2},{"source":"Lehmann","target":"Auer","value":1},{"source":"Schelkens","target":"Munteanu","value":2},{"source":"Battaner","target":"Bartlett","value":2},{"source":"Battaner","target":"Benabed","value":3},{"source":"Battaner","target":"Aumont","value":3},{"source":"Battaner","target":"Zacchei","value":2},{"source":"Battaner","target":"Baccigalupi","value":3},{"source":"Battaner","target":"Barreiro","value":3},{"source":"Battaner","target":"Ashdown","value":3},{"source":"Battaner","target":"Ade","value":2},{"source":"Battaner","target":"Yvon","value":2},{"source":"Battaner","target":"Zonca","value":2},{"source":"Battaner","target":"Banday","value":3},{"source":"Battaner","target":"White","value":1},{"source":"Mokbel","target":"Likforman-sulem","value":14},{"source":"Aissaoui-mehrez","target":"Pujolle","value":3},{"source":"Aissaoui-mehrez","target":"Urien","value":3},{"source":"Pecune","target":"Pelachaud","value":5},{"source":"Tournemenne","target":"Daras","value":1},{"source":"Tournemenne","target":"Gowing","value":3},{"source":"Tournemenne","target":"Kelly","value":2},{"source":"Tournemenne","target":"Essid","value":5},{"source":"Amsterdamer","target":"Milo","value":7},{"source":"Amsterdamer","target":"Senellart","value":2},{"source":"Cassell","target":"Bickmore","value":4},{"source":"Zhioua","target":"Labiod","value":1},{"source":"Zhioua","target":"Tabbane","value":2},{"source":"Foi","target":"Egiazarian","value":4},{"source":"Foi","target":"Katkovnik","value":5},{"source":"Iellamo","target":"Coupechoux","value":7},{"source":"Iellamo","target":"Chen","value":6},{"source":"Vasile","target":"Trouv\u00e9","value":1},{"source":"Petit","target":"Cai","value":4},{"source":"Petit","target":"Naviner","value":9},{"source":"Karaki","target":"Le Bidan","value":3},{"source":"Karaki","target":"Jaou\u00ebn","value":2},{"source":"Karaki","target":"Pincemin","value":6},{"source":"Cesar","target":"Bloch","value":5},{"source":"Niewiadomski","target":"Bevacqua","value":14},{"source":"Niewiadomski","target":"Mancini","value":4},{"source":"Niewiadomski","target":"Pelachaud","value":41},{"source":"Fillon","target":"Essid","value":1},{"source":"Ortega","target":"Cheung","value":13},{"source":"Frey","target":"Diaconescu","value":1},{"source":"Frey","target":"Diamanti","value":1},{"source":"Frey","target":"Zaquine","value":2},{"source":"Frey","target":"Smirr","value":1},{"source":"Sayrac","target":"Moulines","value":1},{"source":"Sayrac","target":"Jemaa","value":4},{"source":"Burkhardt","target":"D\u00e9tienne","value":5},{"source":"Dhia","target":"Naviner","value":6},{"source":"Ritschel","target":"Eisemann","value":2},{"source":"Franco","target":"Naviner","value":3},{"source":"Knorreck","target":"Apvrille","value":4},{"source":"O &apos;connor","target":"Daras","value":2},{"source":"Ekman","target":"Friesen","value":7},{"source":"Le Martret","target":"Ciblat","value":19},{"source":"Le Martret","target":"Marcille","value":9},{"source":"Heylen","target":"Pelachaud","value":10},{"source":"Gal\u00e1rraga","target":"Suchanek","value":4},{"source":"Pinto","target":"Begaud","value":5},{"source":"Clavel","target":"Langlet","value":3},{"source":"Clavel","target":"Pelachaud","value":4},{"source":"Mathieu","target":"Danger","value":4},{"source":"Mandonnet","target":"Duffau","value":7},{"source":"Mandonnet","target":"Capelle","value":3},{"source":"Mus\u00e9","target":"Almansa","value":8},{"source":"Cherif","target":"Danger","value":2},{"source":"Kazmierski","target":"Erasme","value":18},{"source":"Kazmierski","target":"Anfray","value":10},{"source":"Kazmierski","target":"Chanclou","value":7},{"source":"Kazmierski","target":"Aupetit-berthelemot","value":8},{"source":"Kazmierski","target":"Kechaou","value":8},{"source":"Kazmierski","target":"Aubin","value":10},{"source":"Kazmierski","target":"Chaibi","value":7},{"source":"Maniu","target":"Cautis","value":3},{"source":"Wiart","target":"Yang","value":7},{"source":"Wiart","target":"Bloch","value":15},{"source":"Naacke","target":"Abdessalem","value":4},{"source":"Naacke","target":"Gueye","value":2},{"source":"Aumont","target":"Bartlett","value":2},{"source":"Aumont","target":"Benabed","value":3},{"source":"Aumont","target":"Battaner","value":3},{"source":"Aumont","target":"Zacchei","value":2},{"source":"Aumont","target":"Baccigalupi","value":3},{"source":"Aumont","target":"Barreiro","value":3},{"source":"Aumont","target":"Ashdown","value":3},{"source":"Aumont","target":"Ade","value":2},{"source":"Aumont","target":"Yvon","value":2},{"source":"Aumont","target":"Zonca","value":2},{"source":"Aumont","target":"Banday","value":3},{"source":"Aumont","target":"White","value":1},{"source":"Naviner","target":"Alves De Barros Naviner","value":29},{"source":"Naviner","target":"Cai","value":8},{"source":"Naviner","target":"Petit","value":9},{"source":"Naviner","target":"Nascimento Pagliarini","value":10},{"source":"Naviner","target":"Ben Dhia","value":1},{"source":"Naviner","target":"De","value":25},{"source":"Naviner","target":"Pagliarini","value":14},{"source":"Naviner","target":"Franco","value":3},{"source":"Naviner","target":"Dhia","value":6},{"source":"White","target":"Benabed","value":1},{"source":"White","target":"Battaner","value":1},{"source":"White","target":"Aumont","value":1},{"source":"White","target":"Zacchei","value":1},{"source":"White","target":"Baccigalupi","value":1},{"source":"White","target":"Barreiro","value":1},{"source":"White","target":"Ashdown","value":1},{"source":"White","target":"Yvon","value":1},{"source":"White","target":"Zonca","value":1},{"source":"White","target":"Banday","value":1},{"source":"Munteanu","target":"Schelkens","value":2},{"source":"Sabouret","target":"Ochs","value":2},{"source":"Zacchei","target":"Bartlett","value":1},{"source":"Zacchei","target":"Benabed","value":2},{"source":"Zacchei","target":"Battaner","value":2},{"source":"Zacchei","target":"Aumont","value":2},{"source":"Zacchei","target":"Baccigalupi","value":3},{"source":"Zacchei","target":"Barreiro","value":2},{"source":"Zacchei","target":"Ashdown","value":2},{"source":"Zacchei","target":"Ade","value":1},{"source":"Zacchei","target":"Yvon","value":2},{"source":"Zacchei","target":"Zonca","value":2},{"source":"Zacchei","target":"Banday","value":2},{"source":"Zacchei","target":"White","value":1},{"source":"M\u00f8ller","target":"M\u00fcller","value":58},{"source":"M\u00f8ller","target":"Bailly","value":10},{"source":"F\u00e9votte","target":"Durrieu","value":2},{"source":"F\u00e9votte","target":"Bertin","value":3},{"source":"Shitz","target":"Shamai","value":1},{"source":"Prepin","target":"Pelachaud","value":15},{"source":"Prepin","target":"Ochs","value":1},{"source":"Ravenet","target":"Pelachaud","value":13},{"source":"Ravenet","target":"Ochs","value":15},{"source":"Jemaa","target":"Sayrac","value":4},{"source":"Likforman-sulem","target":"Mokbel","value":14},{"source":"Kameoka","target":"Ono","value":3},{"source":"Kameoka","target":"Sagayama","value":5},{"source":"You","target":"Gosset","value":5},{"source":"Crowley","target":"Lester","value":4},{"source":"Montrosset","target":"Gioannini","value":2},{"source":"Daudet","target":"Richard","value":24},{"source":"Daudet","target":"Badeau","value":1},{"source":"Daudet","target":"Liutkus","value":5},{"source":"Daudet","target":"Girin","value":2},{"source":"Diamanti","target":"Jouguet","value":1},{"source":"Diamanti","target":"Zaquine","value":8},{"source":"Diamanti","target":"Smirr","value":1},{"source":"Diamanti","target":"Frey","value":1},{"source":"Cl\u00e9men\u00e7on","target":"Vayatis","value":20},{"source":"Cl\u00e9men\u00e7on","target":"Robbiano","value":8},{"source":"Cl\u00e9men\u00e7on","target":"Bertail","value":10},{"source":"Cl\u00e9men\u00e7on","target":"Jakubowicz","value":3},{"source":"Cl\u00e9men\u00e7on","target":"Depecker","value":6},{"source":"Cl\u00e9men\u00e7on","target":"Dhanjal","value":3},{"source":"Cl\u00e9men\u00e7on","target":"Gaudel","value":1},{"source":"Milhorat","target":"Schl\u00f6gl","value":4},{"source":"Milhorat","target":"Chollet","value":9},{"source":"Milhorat","target":"Boudy","value":8},{"source":"Walter","target":"M\u00fcller","value":1},{"source":"Pesquet-popescu","target":"Kaaniche","value":14},{"source":"Pesquet-popescu","target":"Pesquet","value":31},{"source":"Pesquet-popescu","target":"Cagnazzo","value":91},{"source":"Pesquet-popescu","target":"Maugey","value":4},{"source":"Pesquet-popescu","target":"Farah","value":21},{"source":"Pesquet-popescu","target":"Capman","value":2},{"source":"Pesquet-popescu","target":"D\u00e9combas","value":4},{"source":"Pesquet-popescu","target":"Renan","value":2},{"source":"Pesquet-popescu","target":"Dufaux","value":59},{"source":"Pesquet-popescu","target":"Abou-elailah","value":7},{"source":"Pesquet-popescu","target":"Petrazzuoli","value":9},{"source":"Pesquet-popescu","target":"Nemoianu","value":8},{"source":"Pesquet-popescu","target":"Greco","value":16},{"source":"Pesquet-popescu","target":"Jung","value":9},{"source":"Pesquet-popescu","target":"Chierchia","value":11},{"source":"Pesquet-popescu","target":"Mora","value":7},{"source":"Pesquet-popescu","target":"Xing","value":4},{"source":"Pesquet-popescu","target":"Pustelnik","value":5},{"source":"Apvrille","target":"De Saqui-sannes","value":8},{"source":"Apvrille","target":"Knorreck","value":4},{"source":"Apvrille","target":"Pacalet","value":5},{"source":"Apvrille","target":"Roudier","value":14},{"source":"Apvrille","target":"Idrees","value":2},{"source":"K\u00e9lif","target":"Godlewski","value":4},{"source":"K\u00e9lif","target":"Coupechoux","value":26},{"source":"K\u00e9lif","target":"Kelif","value":4},{"source":"Guilley","target":"Danger","value":124},{"source":"Guilley","target":"Sauvage","value":15},{"source":"Guilley","target":"Heuser","value":19},{"source":"Guilley","target":"Rioul","value":16},{"source":"Guilley","target":"Bhasin","value":34},{"source":"Guilley","target":"Debande","value":1},{"source":"Guilley","target":"Souissi","value":18},{"source":"Guilley","target":"Najm","value":4},{"source":"Guilley","target":"Carlet","value":5},{"source":"Guilley","target":"Nassar","value":17},{"source":"Guilley","target":"Maghrebi","value":12},{"source":"Guilley","target":"Hoogvorst","value":3},{"source":"Guilley","target":"Flament","value":1},{"source":"Tupin","target":"Deledalle","value":37},{"source":"Tupin","target":"Nicolas","value":13},{"source":"Tupin","target":"Denis","value":31},{"source":"Tupin","target":"Shabou","value":1},{"source":"Batliner","target":"Schuller","value":3},{"source":"Batliner","target":"Steidl","value":10},{"source":"Batliner","target":"N\u00f6th","value":3},{"source":"Godlewski","target":"K\u00e9lif","value":4},{"source":"Godlewski","target":"Coupechoux","value":31},{"source":"Godlewski","target":"Kelif","value":8},{"source":"Godlewski","target":"Minelli","value":1},{"source":"Godlewski","target":"Ma","value":1},{"source":"Cheung","target":"Ortega","value":13},{"source":"Laine","target":"Angelini","value":14},{"source":"Gagnaire","target":"Al Zahr","value":1},{"source":"Gagnaire","target":"Doumith","value":2},{"source":"Baccigalupi","target":"Bartlett","value":2},{"source":"Baccigalupi","target":"Benabed","value":3},{"source":"Baccigalupi","target":"Battaner","value":3},{"source":"Baccigalupi","target":"Aumont","value":3},{"source":"Baccigalupi","target":"Zacchei","value":3},{"source":"Baccigalupi","target":"Barreiro","value":3},{"source":"Baccigalupi","target":"Ashdown","value":3},{"source":"Baccigalupi","target":"Ade","value":2},{"source":"Baccigalupi","target":"Yvon","value":2},{"source":"Baccigalupi","target":"Zonca","value":2},{"source":"Baccigalupi","target":"Banday","value":3},{"source":"Baccigalupi","target":"White","value":1},{"source":"Looser","target":"Le","value":2},{"source":"Testa","target":"Rossi","value":19},{"source":"Testa","target":"Valenti","value":2},{"source":"Denoual","target":"Nassor","value":37},{"source":"Denoual","target":"Le Feuvre","value":39},{"source":"Denoual","target":"Maz\u00e9","value":41},{"source":"Denoual","target":"Concolato","value":42},{"source":"Nemoianu","target":"Pesquet-popescu","value":8},{"source":"Nemoianu","target":"Greco","value":9},{"source":"Nemoianu","target":"Cagnazzo","value":9},{"source":"Marsella","target":"Gratch","value":1},{"source":"Rioul","target":"Heuser","value":12},{"source":"Rioul","target":"Guilley","value":16},{"source":"Rioul","target":"Guiard","value":1},{"source":"Delon","target":"Rabin","value":1},{"source":"Delon","target":"Gousseau","value":26},{"source":"Greco","target":"Nemoianu","value":9},{"source":"Greco","target":"Pesquet-popescu","value":16},{"source":"Greco","target":"Cagnazzo","value":20},{"source":"Doumith","target":"Gagnaire","value":2},{"source":"Debande","target":"Guilley","value":1},{"source":"Qi","target":"Lo","value":2},{"source":"Trouv\u00e9","target":"Vasile","value":1},{"source":"Trouv\u00e9","target":"Nicolas","value":13},{"source":"Trouv\u00e9","target":"Gay","value":2},{"source":"Rivain","target":"Prouff","value":6},{"source":"Begaud","target":"Clemente","value":4},{"source":"Begaud","target":"Pinto","value":5},{"source":"Begaud","target":"Lepage","value":68},{"source":"Begaud","target":"Sarrazin","value":11},{"source":"Begaud","target":"Soiron","value":3},{"source":"Begaud","target":"Varault","value":1},{"source":"Loubaton","target":"Hachem","value":15},{"source":"Loubaton","target":"Najim","value":14},{"source":"Loubaton","target":"Vallet","value":13},{"source":"Loubaton","target":"Mestre","value":7},{"source":"Ardon","target":"Mory","value":1},{"source":"Grillot","target":"Erasme","value":13},{"source":"Grillot","target":"Chaibi","value":5},{"source":"Grillot","target":"Even","value":41},{"source":"Grillot","target":"Wang","value":35},{"source":"Grillot","target":"Thedrez","value":4},{"source":"Grillot","target":"Provost","value":15},{"source":"Grillot","target":"Schires","value":11},{"source":"Grillot","target":"Gosset","value":4},{"source":"Grillot","target":"Raghunathan","value":9},{"source":"Grillot","target":"Lester","value":33},{"source":"Grillot","target":"Kovanis","value":19},{"source":"Grillot","target":"Piron","value":6},{"source":"Grillot","target":"Loualiche","value":11},{"source":"Grillot","target":"Gioannini","value":1},{"source":"Grillot","target":"Naderi","value":17},{"source":"Grillot","target":"Lin","value":7},{"source":"Maazaoui","target":"Grenier","value":4},{"source":"Chattopadhyay","target":"Coupechoux","value":2},{"source":"Chattopadhyay","target":"Kumar","value":2},{"source":"Boubekeur","target":"Thiery","value":9},{"source":"Valenti","target":"Rossi","value":20},{"source":"Valenti","target":"Testa","value":2},{"source":"Thiery","target":"Boubekeur","value":9},{"source":"Weikum","target":"Suchanek","value":19},{"source":"Weikum","target":"Kasneci","value":3},{"source":"Bretto","target":"Bloch","value":2},{"source":"Abiteboul","target":"Senellart","value":17},{"source":"Chierchia","target":"Pesquet-popescu","value":11},{"source":"Chierchia","target":"Pustelnik","value":5},{"source":"Chierchia","target":"Pesquet","value":5},{"source":"Rossini","target":"Rossi","value":20},{"source":"Cagnazzo","target":"Pesquet-popescu","value":91},{"source":"Cagnazzo","target":"Abou-elailah","value":9},{"source":"Cagnazzo","target":"Dufaux","value":33},{"source":"Cagnazzo","target":"Farah","value":12},{"source":"Cagnazzo","target":"Petrazzuoli","value":9},{"source":"Cagnazzo","target":"Nemoianu","value":9},{"source":"Cagnazzo","target":"Greco","value":20},{"source":"Cagnazzo","target":"Jung","value":9},{"source":"Cagnazzo","target":"Mora","value":5},{"source":"Dutoit","target":"Pelachaud","value":1},{"source":"Dutoit","target":"Urbain","value":5},{"source":"Dutoit","target":"Tilmanne","value":2},{"source":"Fernandez","target":"Marrauld","value":1},{"source":"Bovolo","target":"Bruzzone","value":6},{"source":"Pr\u00e9pin","target":"Pelachaud","value":1},{"source":"Loualiche","target":"Even","value":7},{"source":"Loualiche","target":"Piron","value":6},{"source":"Loualiche","target":"Grillot","value":11},{"source":"Loualiche","target":"Dehaese","value":2},{"source":"Urien","target":"Pujolle","value":7},{"source":"Urien","target":"Aissaoui-mehrez","value":3},{"source":"Mckeown","target":"Cowie","value":1},{"source":"Magron","target":"David","value":1},{"source":"Magron","target":"Badeau","value":2},{"source":"Bovik","target":"Wang","value":6},{"source":"Kaaniche","target":"Pesquet-popescu","value":14},{"source":"Kaaniche","target":"Pesquet","value":6},{"source":"Garg","target":"Lai","value":1},{"source":"Simoni","target":"Aubonnet","value":1},{"source":"Andr\u00e8","target":"Andr\u00e9","value":24},{"source":"Perrault","target":"Guiard","value":2},{"source":"Marcille","target":"Le Martret","value":9},{"source":"Marcille","target":"Ciblat","value":12},{"source":"Abdessalem","target":"Naacke","value":4},{"source":"Abdessalem","target":"Senellart","value":6},{"source":"Abdessalem","target":"Ba","value":6},{"source":"Abdessalem","target":"Gueye","value":2},{"source":"Ebrahimi","target":"Dufaux","value":7},{"source":"Jaou\u00ebn","target":"Awwad","value":6},{"source":"Jaou\u00ebn","target":"Rekaya-ben Othman","value":6},{"source":"Jaou\u00ebn","target":"Rekaya Ben Othman","value":6},{"source":"Jaou\u00ebn","target":"Yi","value":9},{"source":"Jaou\u00ebn","target":"Wei","value":11},{"source":"Jaou\u00ebn","target":"Morvan","value":3},{"source":"Jaou\u00ebn","target":"Karaki","value":2},{"source":"Jaou\u00ebn","target":"Le Bidan","value":3},{"source":"Jaou\u00ebn","target":"Gosset","value":1},{"source":"Jaou\u00ebn","target":"Pincemin","value":11},{"source":"Jaou\u00ebn","target":"Ciblat","value":5},{"source":"Jaou\u00ebn","target":"Lombard","value":2},{"source":"Jaou\u00ebn","target":"Canat","value":1},{"source":"Jaou\u00ebn","target":"Hu","value":8},{"source":"Bianchi","target":"Jakubowicz","value":23},{"source":"Bianchi","target":"Fort","value":5},{"source":"Bianchi","target":"Morral","value":4},{"source":"Bianchi","target":"Hachem","value":14},{"source":"Bianchi","target":"Ciblat","value":2},{"source":"Khoukhi","target":"Khatoun","value":9},{"source":"Bremer","target":"Pascucci","value":6},{"source":"Glas","target":"Pelachaud","value":6},{"source":"Preda","target":"Suchanek","value":1},{"source":"Shabou","target":"Tupin","value":1},{"source":"Roueff","target":"Taqqu","value":8},{"source":"Roueff","target":"Moulines","value":1},{"source":"Iannone","target":"Saucez","value":8},{"source":"Iannone","target":"Bonaventure","value":4},{"source":"Vallet","target":"Hachem","value":8},{"source":"Vallet","target":"Loubaton","value":13},{"source":"Vallet","target":"Najim","value":2},{"source":"Vallet","target":"Mestre","value":13},{"source":"Le Feuvre","target":"Raulet","value":3},{"source":"Le Feuvre","target":"Nassor","value":35},{"source":"Le Feuvre","target":"Denoual","value":39},{"source":"Le Feuvre","target":"Maz\u00e9","value":38},{"source":"Le Feuvre","target":"Concolato","value":110},{"source":"Le Feuvre","target":"Bouqueau","value":3},{"source":"Le Feuvre","target":"Dufourd","value":1},{"source":"Bloch","target":"Dahdouh","value":2},{"source":"Bloch","target":"Gauriau","value":2},{"source":"Bloch","target":"Lesage","value":3},{"source":"Bloch","target":"Cesar","value":5},{"source":"Bloch","target":"Rossant","value":23},{"source":"Bloch","target":"P\u00e2ques","value":7},{"source":"Bloch","target":"Yang","value":9},{"source":"Bloch","target":"Wiart","value":15},{"source":"Bloch","target":"Atif","value":39},{"source":"Bloch","target":"Anquez","value":6},{"source":"Bloch","target":"Paques","value":7},{"source":"Bloch","target":"Angelini","value":28},{"source":"Bloch","target":"Dubuisson","value":10},{"source":"Bloch","target":"Colliot","value":2},{"source":"Bloch","target":"Hudelot","value":13},{"source":"Bloch","target":"Bretto","value":2},{"source":"Bloch","target":"Muller","value":1},{"source":"Ade","target":"Bartlett","value":1},{"source":"Ade","target":"Benabed","value":2},{"source":"Ade","target":"Battaner","value":2},{"source":"Ade","target":"Aumont","value":2},{"source":"Ade","target":"Zacchei","value":1},{"source":"Ade","target":"Baccigalupi","value":2},{"source":"Ade","target":"Barreiro","value":2},{"source":"Ade","target":"Ashdown","value":2},{"source":"Ade","target":"Yvon","value":1},{"source":"Ade","target":"Zonca","value":1},{"source":"Ade","target":"Aghanim","value":2},{"source":"Ade","target":"Banday","value":2},{"source":"Ade","target":"Arnaud","value":2},{"source":"Ade","target":"Collaboration","value":2},{"source":"Raulet","target":"Le Feuvre","value":3},{"source":"Lo","target":"Qi","value":2},{"source":"Valstar","target":"Pantic","value":10},{"source":"Valstar","target":"Cowie","value":1},{"source":"Coupechoux","target":"Iellamo","value":7},{"source":"Coupechoux","target":"Chen","value":6},{"source":"Coupechoux","target":"Kumar","value":2},{"source":"Coupechoux","target":"Chattopadhyay","value":2},{"source":"Coupechoux","target":"Cheikh","value":4},{"source":"Coupechoux","target":"K\u00e9lif","value":26},{"source":"Coupechoux","target":"Godlewski","value":31},{"source":"Coupechoux","target":"Kelif","value":30},{"source":"Coupechoux","target":"Minelli","value":3},{"source":"Coupechoux","target":"Ma","value":2},{"source":"Pinel","target":"Girin","value":4},{"source":"Paques","target":"Bloch","value":7},{"source":"Paques","target":"Rossant","value":9},{"source":"Steidl","target":"Schuller","value":3},{"source":"Steidl","target":"Batliner","value":10},{"source":"Hastie","target":"Tibshirani","value":3},{"source":"Stumme","target":"Hotho","value":6},{"source":"Bellot","target":"Baud","value":6},{"source":"Ba","target":"Senellart","value":6},{"source":"Ba","target":"Abdessalem","value":6},{"source":"Xing","target":"Pesquet-popescu","value":4},{"source":"Xing","target":"Dufaux","value":4},{"source":"Naderi","target":"Pochet","value":1},{"source":"Naderi","target":"Grillot","value":17},{"source":"Naderi","target":"Lester","value":18},{"source":"Naderi","target":"Kovanis","value":5},{"source":"Essid","target":"Richard","value":47},{"source":"Essid","target":"Joder","value":14},{"source":"Essid","target":"Fillon","value":1},{"source":"Essid","target":"Daras","value":3},{"source":"Essid","target":"Gowing","value":3},{"source":"Essid","target":"Tournemenne","value":5},{"source":"Essid","target":"Kelly","value":2},{"source":"Souissi","target":"Danger","value":16},{"source":"Souissi","target":"Guilley","value":18},{"source":"Souissi","target":"Nassar","value":5},{"source":"Homma","target":"Aoki","value":3},{"source":"Homma","target":"Danger","value":5},{"source":"Homma","target":"Hayashi","value":3},{"source":"Al Zahr","target":"Gagnaire","value":1},{"source":"Najm","target":"Bhasin","value":6},{"source":"Najm","target":"Danger","value":8},{"source":"Najm","target":"Guilley","value":4},{"source":"Stintz","target":"Malloy","value":1},{"source":"Bertin","target":"Badeau","value":12},{"source":"Bertin","target":"F\u00e9votte","value":3},{"source":"Bertin","target":"Vincent","value":5},{"source":"Bathula","target":"Lai","value":2},{"source":"Arnaud","target":"Ade","value":2},{"source":"Fakhoury","target":"Loumeau","value":4},{"source":"Hudry","target":"Lobstein","value":26},{"source":"Hudry","target":"Charon","value":31},{"source":"Hudry","target":"Honkala","value":3},{"source":"Ono","target":"Kameoka","value":3},{"source":"Ono","target":"Sagayama","value":10},{"source":"Rekaya-ben Othman","target":"Rekaya Ben Othman","value":33},{"source":"Rekaya-ben Othman","target":"Jaou\u00ebn","value":6},{"source":"Rekaya-ben Othman","target":"Mejri","value":5},{"source":"Rekaya Ben Othman","target":"Rekaya-ben Othman","value":33},{"source":"Rekaya Ben Othman","target":"Jaou\u00ebn","value":6},{"source":"Rekaya Ben Othman","target":"Mejri","value":5},{"source":"Moulines","target":"Douc","value":12},{"source":"Moulines","target":"Fort","value":34},{"source":"Moulines","target":"Priouret","value":6},{"source":"Moulines","target":"Sayrac","value":1},{"source":"Moulines","target":"Taqqu","value":4},{"source":"Moulines","target":"Roueff","value":1},{"source":"Ishizuka","target":"Prendinger","value":12},{"source":"Mcrorie","target":"Cowie","value":3},{"source":"Mcrorie","target":"Sneddon","value":4},{"source":"Mcrorie","target":"Devillers","value":2},{"source":"Mcrorie","target":"Martin","value":4},{"source":"Mcrorie","target":"Douglas-cowie","value":3},{"source":"Mcrorie","target":"Abrilian","value":1},{"source":"Narayanan","target":"Lee","value":5},{"source":"Muscariello","target":"Carofiglio","value":2},{"source":"Muscariello","target":"Rossi","value":8},{"source":"Friedman","target":"Rossi","value":8},{"source":"Friedman","target":"Aug\u00e9","value":2},{"source":"Pustelnik","target":"Chierchia","value":5},{"source":"Pustelnik","target":"Pesquet-popescu","value":5},{"source":"Pustelnik","target":"Pesquet","value":10},{"source":"Seidel","target":"Eisemann","value":3},{"source":"Kharlamov","target":"Senellart","value":1},{"source":"Kharlamov","target":"Nutt","value":3},{"source":"Thirion","target":"Varoquaux","value":6},{"source":"Thirion","target":"Gramfort","value":7},{"source":"Jaffe","target":"Kocher","value":7},{"source":"Hasegawa","target":"Kato","value":2},{"source":"Rossant","target":"Bloch","value":23},{"source":"Rossant","target":"Koch","value":2},{"source":"Rossant","target":"P\u00e2ques","value":7},{"source":"Rossant","target":"Paques","value":9},{"source":"Barreiro","target":"Bartlett","value":2},{"source":"Barreiro","target":"Benabed","value":3},{"source":"Barreiro","target":"Battaner","value":3},{"source":"Barreiro","target":"Aumont","value":3},{"source":"Barreiro","target":"Zacchei","value":2},{"source":"Barreiro","target":"Baccigalupi","value":3},{"source":"Barreiro","target":"Ashdown","value":3},{"source":"Barreiro","target":"Ade","value":2},{"source":"Barreiro","target":"Yvon","value":2},{"source":"Barreiro","target":"Zonca","value":2},{"source":"Barreiro","target":"Banday","value":3},{"source":"Barreiro","target":"White","value":1},{"source":"Bonaventure","target":"Saucez","value":1},{"source":"Bonaventure","target":"Iannone","value":4},{"source":"Borde","target":"Pautet","value":10},{"source":"Gueye","target":"Naacke","value":2},{"source":"Gueye","target":"Abdessalem","value":2},{"source":"Deniel","target":"Erasme","value":2},{"source":"Cousin","target":"Huyart","value":10},{"source":"Cousin","target":"Kumar","value":5},{"source":"Jamin","target":"Nguyen","value":7},{"source":"Jamin","target":"Desgreys","value":3},{"source":"Knopp","target":"Pacalet","value":1},{"source":"Loumeau","target":"Desgreys","value":15},{"source":"Loumeau","target":"Jabbour","value":4},{"source":"Loumeau","target":"Fakhoury","value":4},{"source":"Loumeau","target":"Nguyen","value":18},{"source":"Loumeau","target":"Pham","value":2},{"source":"Durrieu","target":"Richard","value":1},{"source":"Durrieu","target":"F\u00e9votte","value":2},{"source":"Ben Dhia","target":"Alves De Barros Naviner","value":5},{"source":"Ben Dhia","target":"Naviner","value":1},{"source":"Chollet","target":"Petrovska-delacr\u00e9taz","value":12},{"source":"Chollet","target":"Boudy","value":12},{"source":"Chollet","target":"Khemiri","value":6},{"source":"Chollet","target":"Pelachaud","value":18},{"source":"Chollet","target":"Ochs","value":13},{"source":"Chollet","target":"Schl\u00f6gl","value":5},{"source":"Chollet","target":"Milhorat","value":9},{"source":"Mackay","target":"Beaudouin-lafon","value":2},{"source":"Mesnager","target":"Cohen","value":8},{"source":"Lester","target":"Grillot","value":33},{"source":"Lester","target":"Su","value":7},{"source":"Lester","target":"Kovanis","value":17},{"source":"Lester","target":"Pochet","value":2},{"source":"Lester","target":"Naderi","value":18},{"source":"Lester","target":"Lin","value":4},{"source":"Lester","target":"Li","value":13},{"source":"Lester","target":"Crowley","value":4},{"source":"Lester","target":"Raghunathan","value":10},{"source":"Thedrez","target":"Grillot","value":4},{"source":"Tchamkerten","target":"Chandar","value":7},{"source":"Verdoliva","target":"Poggi","value":1},{"source":"Aug\u00e9","target":"Rossi","value":1},{"source":"Aug\u00e9","target":"Friedman","value":2},{"source":"Honkala","target":"Hudry","value":3},{"source":"Honkala","target":"Lobstein","value":8},{"source":"Aupetit-berthelemot","target":"Erasme","value":14},{"source":"Aupetit-berthelemot","target":"Anfray","value":11},{"source":"Aupetit-berthelemot","target":"Chanclou","value":11},{"source":"Aupetit-berthelemot","target":"Kazmierski","value":8},{"source":"Aupetit-berthelemot","target":"Kechaou","value":4},{"source":"Aupetit-berthelemot","target":"Aubin","value":7},{"source":"Aupetit-berthelemot","target":"Chaibi","value":3},{"source":"Saucez","target":"Iannone","value":8},{"source":"Saucez","target":"Bonaventure","value":1},{"source":"Nutt","target":"Kharlamov","value":3},{"source":"Depecker","target":"Cl\u00e9men\u00e7on","value":6},{"source":"Depecker","target":"Vayatis","value":2},{"source":"Hyniewska","target":"Pelachaud","value":5},{"source":"Raj","target":"Smaragdis","value":8},{"source":"Raj","target":"Shashanka","value":3},{"source":"Mory","target":"Ardon","value":1},{"source":"Iutzeler","target":"Hachem","value":3},{"source":"Iutzeler","target":"Ciblat","value":6},{"source":"Eyben","target":"Schuller","value":5},{"source":"Eyben","target":"W\u00f6llmer","value":2},{"source":"Almansa","target":"Gousseau","value":3},{"source":"Almansa","target":"Morel","value":1},{"source":"Almansa","target":"Mus\u00e9","value":8},{"source":"Kocher","target":"Jaffe","value":7},{"source":"Fourati","target":"Pelachaud","value":8},{"source":"Aubonnet","target":"Simoni","value":1},{"source":"Idrees","target":"Apvrille","value":2},{"source":"Ashdown","target":"Bartlett","value":2},{"source":"Ashdown","target":"Benabed","value":3},{"source":"Ashdown","target":"Battaner","value":3},{"source":"Ashdown","target":"Aumont","value":3},{"source":"Ashdown","target":"Zacchei","value":2},{"source":"Ashdown","target":"Baccigalupi","value":3},{"source":"Ashdown","target":"Barreiro","value":3},{"source":"Ashdown","target":"Ade","value":2},{"source":"Ashdown","target":"Yvon","value":2},{"source":"Ashdown","target":"Zonca","value":2},{"source":"Ashdown","target":"Banday","value":3},{"source":"Ashdown","target":"White","value":1},{"source":"Maugey","target":"Pesquet-popescu","value":4},{"source":"Badeau","target":"David","value":35},{"source":"Badeau","target":"Magron","value":2},{"source":"Badeau","target":"Hennequin","value":9},{"source":"Badeau","target":"Daudet","value":1},{"source":"Badeau","target":"Bertin","value":12},{"source":"Badeau","target":"Richard","value":55},{"source":"Badeau","target":"Liutkus","value":31},{"source":"Badeau","target":"Girin","value":4},{"source":"Badeau","target":"Vincent","value":3},{"source":"Badeau","target":"Plumbley","value":3},{"source":"Badeau","target":"Ozerov","value":1},{"source":"Badeau","target":"Fuentes","value":3},{"source":"Viterbo","target":"Rekaya","value":1},{"source":"Viterbo","target":"Belfiore","value":3},{"source":"Boudy","target":"Chollet","value":12},{"source":"Boudy","target":"Schl\u00f6gl","value":3},{"source":"Boudy","target":"Milhorat","value":8},{"source":"Lesage","target":"Bloch","value":3},{"source":"Lesage","target":"Gauriau","value":1},{"source":"Jousset","target":"Lepage","value":2},{"source":"Tilmanne","target":"Dutoit","value":2},{"source":"Amarilli","target":"Senellart","value":6},{"source":"Girin","target":"Liutkus","value":4},{"source":"Girin","target":"Richard","value":2},{"source":"Girin","target":"Pinel","value":4},{"source":"Girin","target":"Daudet","value":2},{"source":"Girin","target":"Badeau","value":4},{"source":"Girin","target":"Parvaix","value":1},{"source":"Friesen","target":"Ekman","value":7},{"source":"Najim","target":"Debbah","value":3},{"source":"Najim","target":"Hachem","value":26},{"source":"Najim","target":"Loubaton","value":14},{"source":"Najim","target":"Vallet","value":2},{"source":"Duffau","target":"Capelle","value":5},{"source":"Duffau","target":"Mandonnet","value":7},{"source":"Danger","target":"Homma","value":5},{"source":"Danger","target":"Sauvage","value":16},{"source":"Danger","target":"Guilley","value":124},{"source":"Danger","target":"Bhasin","value":39},{"source":"Danger","target":"Hayashi","value":2},{"source":"Danger","target":"Cherif","value":2},{"source":"Danger","target":"Mathieu","value":4},{"source":"Danger","target":"Graba","value":12},{"source":"Danger","target":"Souissi","value":16},{"source":"Danger","target":"Najm","value":8},{"source":"Danger","target":"Nassar","value":14},{"source":"Danger","target":"Maghrebi","value":11},{"source":"Araldo","target":"Rossi","value":1},{"source":"Tierny","target":"Pascucci","value":6},{"source":"Prade","target":"Dubois","value":9},{"source":"Feuvre","target":"Concolato","value":4},{"source":"Bertail","target":"Cl\u00e9men\u00e7on","value":10},{"source":"Brites","target":"Pereira","value":5},{"source":"Brites","target":"Ascenso","value":7},{"source":"Morvan","target":"Jaou\u00ebn","value":3},{"source":"Canat","target":"Lombard","value":1},{"source":"Canat","target":"Jaou\u00ebn","value":1},{"source":"Diaconescu","target":"Frey","value":1},{"source":"Dhanjal","target":"Cl\u00e9men\u00e7on","value":3},{"source":"Seung","target":"Lee","value":5},{"source":"Ascenso","target":"Pereira","value":5},{"source":"Ascenso","target":"Brites","value":7},{"source":"Capelle","target":"Duffau","value":5},{"source":"Capelle","target":"Mandonnet","value":3},{"source":"Prendinger","target":"Ishizuka","value":12},{"source":"Gauriau","target":"Bloch","value":2},{"source":"Gauriau","target":"Lesage","value":1},{"source":"Aldaya","target":"Campuzano","value":2},{"source":"Aldaya","target":"Gosset","value":7},{"source":"Kelif","target":"K\u00e9lif","value":4},{"source":"Kelif","target":"Godlewski","value":8},{"source":"Kelif","target":"Coupechoux","value":30},{"source":"Debbah","target":"Najim","value":3},{"source":"Debbah","target":"Couillet","value":1},{"source":"Sauvage","target":"Danger","value":16},{"source":"Sauvage","target":"Guilley","value":15},{"source":"Meo","target":"Rossi","value":7},{"source":"Meo","target":"Finamore","value":1},{"source":"Meo","target":"Mellia","value":5},{"source":"Prouff","target":"Rivain","value":6},{"source":"Le Bidan","target":"Karaki","value":3},{"source":"Le Bidan","target":"Jaou\u00ebn","value":3},{"source":"Le Bidan","target":"Pincemin","value":4},{"source":"Lobstein","target":"Hudry","value":26},{"source":"Lobstein","target":"Charon","value":18},{"source":"Lobstein","target":"Honkala","value":8},{"source":"Secci","target":"Rougier","value":1},{"source":"W\u00f6llmer","target":"Schuller","value":4},{"source":"W\u00f6llmer","target":"Eyben","value":2},{"source":"Capp\u00e9","target":"Garivier","value":7},{"source":"Ciblat","target":"Jaou\u00ebn","value":5},{"source":"Ciblat","target":"Ksairi","value":6},{"source":"Ciblat","target":"Hachem","value":8},{"source":"Ciblat","target":"Bianchi","value":2},{"source":"Ciblat","target":"Iutzeler","value":6},{"source":"Ciblat","target":"Le Martret","value":19},{"source":"Ciblat","target":"Marcille","value":12},{"source":"Morral","target":"Bianchi","value":4},{"source":"Le Corff","target":"Fort","value":3},{"source":"D\u00e9tienne","target":"Burkhardt","value":5},{"source":"D\u00e9tienne","target":"Barcellini","value":2},{"source":"Bringer","target":"Chabanne","value":16},{"source":"Bringer","target":"Patey","value":1},{"source":"Olivo-marin","target":"Angelini","value":20},{"source":"Olivo-marin","target":"Le Montagner","value":6},{"source":"Yvon","target":"Bartlett","value":1},{"source":"Yvon","target":"Benabed","value":2},{"source":"Yvon","target":"Battaner","value":2},{"source":"Yvon","target":"Aumont","value":2},{"source":"Yvon","target":"Zacchei","value":2},{"source":"Yvon","target":"Baccigalupi","value":2},{"source":"Yvon","target":"Barreiro","value":2},{"source":"Yvon","target":"Ashdown","value":2},{"source":"Yvon","target":"Ade","value":1},{"source":"Yvon","target":"Zonca","value":2},{"source":"Yvon","target":"Banday","value":2},{"source":"Yvon","target":"White","value":1},{"source":"Mendieta","target":"Gallion","value":4},{"source":"Zaquine","target":"Diamanti","value":8},{"source":"Zaquine","target":"Smirr","value":1},{"source":"Zaquine","target":"Frey","value":2},{"source":"Roblin","target":"Sibille","value":12},{"source":"Lapidoth","target":"Wigger","value":7},{"source":"Hotho","target":"Stumme","value":6},{"source":"Matherat","target":"Alves De Barros Naviner","value":2},{"source":"Rekaya","target":"Belfiore","value":3},{"source":"Rekaya","target":"Viterbo","value":1},{"source":"Roudier","target":"Apvrille","value":14},{"source":"Anquez","target":"Bloch","value":6},{"source":"Anquez","target":"Angelini","value":2},{"source":"Renan","target":"Capman","value":1},{"source":"Renan","target":"Pesquet-popescu","value":2},{"source":"Renan","target":"Dufaux","value":1},{"source":"Carlet","target":"Guilley","value":5},{"source":"Decreusefond","target":"Vergne","value":5},{"source":"Decreusefond","target":"Martins","value":20},{"source":"Kechaou","target":"Erasme","value":15},{"source":"Kechaou","target":"Anfray","value":6},{"source":"Kechaou","target":"Chanclou","value":6},{"source":"Kechaou","target":"Kazmierski","value":8},{"source":"Kechaou","target":"Aupetit-berthelemot","value":4},{"source":"Kechaou","target":"Aubin","value":9},{"source":"Pedregosa","target":"Gramfort","value":3},{"source":"Pautet","target":"Borde","value":10},{"source":"Shashanka","target":"Smaragdis","value":3},{"source":"Shashanka","target":"Raj","value":3},{"source":"Pagliarini","target":"De","value":2},{"source":"Pagliarini","target":"Naviner","value":14},{"source":"Ksairi","target":"Ciblat","value":6},{"source":"Strohmeier","target":"Gramfort","value":3},{"source":"Salmon","target":"Deledalle","value":6},{"source":"Valenzise","target":"Dufaux","value":11},{"source":"Aubin","target":"Erasme","value":12},{"source":"Aubin","target":"Anfray","value":9},{"source":"Aubin","target":"Chanclou","value":9},{"source":"Aubin","target":"Kazmierski","value":10},{"source":"Aubin","target":"Aupetit-berthelemot","value":7},{"source":"Aubin","target":"Kechaou","value":9},{"source":"Aubin","target":"Merghem","value":1},{"source":"Kunz-jacques","target":"Jouguet","value":3},{"source":"Jakubowicz","target":"Bianchi","value":23},{"source":"Jakubowicz","target":"Cl\u00e9men\u00e7on","value":3},{"source":"Jakubowicz","target":"Hachem","value":2},{"source":"Tagliasacchi","target":"Tubaro","value":1},{"source":"Maz\u00e9","target":"Nassor","value":37},{"source":"Maz\u00e9","target":"Denoual","value":41},{"source":"Maz\u00e9","target":"Le Feuvre","value":38},{"source":"Maz\u00e9","target":"Concolato","value":41},{"source":"Marrauld","target":"Fernandez","value":1},{"source":"Pontille","target":"Denis","value":1},{"source":"P\u00e2ques","target":"Bloch","value":7},{"source":"P\u00e2ques","target":"Rossant","value":7},{"source":"Rougier","target":"Bianzino","value":1},{"source":"Rougier","target":"Secci","value":1},{"source":"Hudelot","target":"Bloch","value":13},{"source":"Hudelot","target":"Atif","value":13},{"source":"Zonca","target":"Bartlett","value":1},{"source":"Zonca","target":"Benabed","value":2},{"source":"Zonca","target":"Battaner","value":2},{"source":"Zonca","target":"Aumont","value":2},{"source":"Zonca","target":"Zacchei","value":2},{"source":"Zonca","target":"Baccigalupi","value":2},{"source":"Zonca","target":"Barreiro","value":2},{"source":"Zonca","target":"Ashdown","value":2},{"source":"Zonca","target":"Ade","value":1},{"source":"Zonca","target":"Yvon","value":2},{"source":"Zonca","target":"Banday","value":2},{"source":"Zonca","target":"White","value":1},{"source":"Le Montagner","target":"Angelini","value":6},{"source":"Le Montagner","target":"Olivo-marin","value":6},{"source":"Rabin","target":"Delon","value":1},{"source":"Nassar","target":"Souissi","value":5},{"source":"Nassar","target":"Danger","value":14},{"source":"Nassar","target":"Guilley","value":17},{"source":"De Sevin","target":"Bevacqua","value":9},{"source":"De Sevin","target":"Pelachaud","value":10},{"source":"Tubaro","target":"Tagliasacchi","value":1},{"source":"Tubaro","target":"Casilli","value":1},{"source":"Egiazarian","target":"Foi","value":4},{"source":"Egiazarian","target":"Katkovnik","value":7},{"source":"Priouret","target":"Fort","value":2},{"source":"Priouret","target":"Moulines","value":6},{"source":"Gosset","target":"Grillot","value":4},{"source":"Gosset","target":"Jaou\u00ebn","value":1},{"source":"Gosset","target":"Campuzano","value":1},{"source":"Gosset","target":"Aldaya","value":7},{"source":"Gosset","target":"You","value":5},{"source":"Gosset","target":"Gallion","value":3},{"source":"Dahdouh","target":"Bloch","value":2},{"source":"Alves De Barros Naviner","target":"Liu","value":3},{"source":"Alves De Barros Naviner","target":"Cai","value":6},{"source":"Alves De Barros Naviner","target":"An","value":3},{"source":"Alves De Barros Naviner","target":"Naviner","value":29},{"source":"Alves De Barros Naviner","target":"Ben Dhia","value":5},{"source":"Alves De Barros Naviner","target":"Nascimento Pagliarini","value":7},{"source":"Alves De Barros Naviner","target":"Matherat","value":2},{"source":"Deledalle","target":"Tupin","value":37},{"source":"Deledalle","target":"Salmon","value":6},{"source":"Deledalle","target":"Denis","value":24},{"source":"Belfiore","target":"Rekaya","value":3},{"source":"Belfiore","target":"Viterbo","value":3},{"source":"Dessalles","target":"Saillenfest","value":1},{"source":"Saillenfest","target":"Dessalles","value":1},{"source":"Pescap\u00e9","target":"Pescap\u00e8","value":7},{"source":"Pescap\u00e8","target":"Pescap\u00e9","value":7},{"source":"Ozerov","target":"Badeau","value":1},{"source":"Aguerrebere","target":"Gousseau","value":2},{"source":"Soiron","target":"Begaud","value":3},{"source":"Pacalet","target":"Knopp","value":1},{"source":"Pacalet","target":"Apvrille","value":5},{"source":"Tabbane","target":"Zhioua","value":2},{"source":"Tabbane","target":"Labiod","value":2},{"source":"Gribonval","target":"Vincent","value":7},{"source":"N\u00f6th","target":"Batliner","value":3},{"source":"Khemiri","target":"Petrovska-delacr\u00e9taz","value":5},{"source":"Khemiri","target":"Chollet","value":6},{"source":"Mestre","target":"Hachem","value":11},{"source":"Mestre","target":"Vallet","value":13},{"source":"Mestre","target":"Loubaton","value":7},{"source":"Urbain","target":"Pelachaud","value":1},{"source":"Urbain","target":"Dutoit","value":5},{"source":"Gramfort","target":"Varoquaux","value":6},{"source":"Gramfort","target":"Thirion","value":7},{"source":"Gramfort","target":"Pedregosa","value":3},{"source":"Gramfort","target":"Strohmeier","value":3},{"source":"Dufourd","target":"Concolato","value":4},{"source":"Dufourd","target":"Le Feuvre","value":1},{"source":"Elie","target":"David","value":1},{"source":"Elie","target":"Gautier","value":5},{"source":"Varault","target":"Begaud","value":1},{"source":"Varault","target":"Lepage","value":1},{"source":"Cautis","target":"Maniu","value":3},{"source":"De Saqui-sannes","target":"Apvrille","value":8},{"source":"Lecolinet","target":"Guiard","value":13},{"source":"Lecolinet","target":"Bailly","value":16},{"source":"Pincemin","target":"Karaki","value":6},{"source":"Pincemin","target":"Le Bidan","value":4},{"source":"Pincemin","target":"Jaou\u00ebn","value":11},{"source":"Jouguet","target":"Diamanti","value":1},{"source":"Jouguet","target":"Kunz-jacques","value":3},{"source":"Dehaese","target":"Loualiche","value":2},{"source":"Teller","target":"Rosenbluth","value":6},{"source":"Aghanim","target":"Ade","value":2},{"source":"M\u00f6ller","target":"M\u00fcller","value":11},{"source":"Casilli","target":"Tubaro","value":1},{"source":"Katkovnik","target":"Foi","value":5},{"source":"Katkovnik","target":"Egiazarian","value":7},{"source":"Kasneci","target":"Weikum","value":3},{"source":"Kasneci","target":"Suchanek","value":6},{"source":"Schires","target":"Grillot","value":11},{"source":"Gallion","target":"Mendieta","value":4},{"source":"Gallion","target":"Gosset","value":3},{"source":"Patey","target":"Chabanne","value":2},{"source":"Patey","target":"Bringer","value":1},{"source":"Presutti","target":"Gangemi","value":3},{"source":"Abed-meraim","target":"Belouchrani","value":2},{"source":"Labiod","target":"Zhioua","value":1},{"source":"Labiod","target":"Fotue","value":3},{"source":"Labiod","target":"Tabbane","value":2},{"source":"Chaux","target":"Pesquet","value":7},{"source":"Parvaix","target":"Girin","value":1},{"source":"Vayatis","target":"Cl\u00e9men\u00e7on","value":20},{"source":"Vayatis","target":"Depecker","value":2},{"source":"Graba","target":"Bhasin","value":3},{"source":"Graba","target":"Danger","value":12},{"source":"Kovanis","target":"Grillot","value":19},{"source":"Kovanis","target":"Lester","value":17},{"source":"Kovanis","target":"Naderi","value":5},{"source":"Kovanis","target":"Raghunathan","value":4},{"source":"Petrazzuoli","target":"Pesquet-popescu","value":9},{"source":"Petrazzuoli","target":"Cagnazzo","value":9},{"source":"Hoogvorst","target":"Guilley","value":3},{"source":"Baud","target":"Bellot","value":6},{"source":"Gousseau","target":"Almansa","value":3},{"source":"Gousseau","target":"Delon","value":26},{"source":"Gousseau","target":"Aguerrebere","value":2},{"source":"Rigoll","target":"Schuller","value":1},{"source":"Gioannini","target":"Even","value":1},{"source":"Gioannini","target":"Montrosset","value":2},{"source":"Gioannini","target":"Grillot","value":1},{"source":"Hennequin","target":"David","value":7},{"source":"Hennequin","target":"Badeau","value":9},{"source":"Bosmans","target":"Klausz","value":1},{"source":"Bosmans","target":"Geeraert","value":3},{"source":"Bosmans","target":"Muller","value":1},{"source":"Klausz","target":"Geeraert","value":3},{"source":"Klausz","target":"Bosmans","value":1},{"source":"Klausz","target":"Muller","value":1},{"source":"Sakarovitch","target":"Lombardy","value":1},{"source":"Collaboration","target":"Ade","value":2},{"source":"Sagayama","target":"Kameoka","value":5},{"source":"Sagayama","target":"Ono","value":10},{"source":"Raghunathan","target":"Grillot","value":9},{"source":"Raghunathan","target":"Lester","value":10},{"source":"Raghunathan","target":"Kovanis","value":4},{"source":"Khatoun","target":"Khoukhi","value":9},{"source":"Dufaux","target":"Ebrahimi","value":7},{"source":"Dufaux","target":"Capman","value":1},{"source":"Dufaux","target":"D\u00e9combas","value":3},{"source":"Dufaux","target":"Pesquet-popescu","value":59},{"source":"Dufaux","target":"Renan","value":1},{"source":"Dufaux","target":"Valenzise","value":11},{"source":"Dufaux","target":"Abou-elailah","value":11},{"source":"Dufaux","target":"Cagnazzo","value":33},{"source":"Dufaux","target":"Farah","value":11},{"source":"Dufaux","target":"Xing","value":4},{"source":"Heuser","target":"Guilley","value":19},{"source":"Heuser","target":"Rioul","value":12},{"source":"Coll","target":"Morel","value":5},{"source":"Coll","target":"Buades","value":2},{"source":"Faheem","target":"Senellart","value":3},{"source":"Geeraert","target":"Klausz","value":3},{"source":"Geeraert","target":"Bosmans","value":3},{"source":"Geeraert","target":"Muller","value":2},{"source":"Saliou","target":"Erasme","value":2},{"source":"Saliou","target":"Chanclou","value":2},{"source":"Barcellini","target":"D\u00e9tienne","value":2},{"source":"Fuentes","target":"Richard","value":5},{"source":"Fuentes","target":"Badeau","value":3},{"source":"Mejri","target":"Rekaya-ben Othman","value":5},{"source":"Mejri","target":"Rekaya Ben Othman","value":5},{"source":"Wiegand","target":"Sullivan","value":8},{"source":"Cand\u00e9s","target":"Cand\u00e8s","value":19},{"source":"Cand\u00e8s","target":"Cand\u00e9s","value":19},{"source":"Grenier","target":"Maazaoui","value":4},{"source":"Grenier","target":"Richard","value":5},{"source":"Brunina","target":"Lai","value":2},{"source":"Minelli","target":"Godlewski","value":1},{"source":"Minelli","target":"Coupechoux","value":3},{"source":"Minelli","target":"Ma","value":2},{"source":"Timo","target":"Wigger","value":2},{"source":"Mabrouk","target":"Huyart","value":5},{"source":"Rosenbluth","target":"Teller","value":6},{"source":"Gaudel","target":"Cl\u00e9men\u00e7on","value":1},{"source":"Charon","target":"Hudry","value":31},{"source":"Charon","target":"Lobstein","value":18},{"source":"Colliot","target":"Bloch","value":2},{"source":"Mellia","target":"Rossi","value":18},{"source":"Mellia","target":"Finamore","value":8},{"source":"Mellia","target":"Meo","value":5},{"source":"Atif","target":"Bloch","value":39},{"source":"Atif","target":"Hudelot","value":13},{"source":"Flament","target":"Guilley","value":1},{"source":"Dubuisson","target":"Bloch","value":10},{"source":"Vergne","target":"Decreusefond","value":5},{"source":"Vergne","target":"Martins","value":1},{"source":"Salgarelli","target":"Gringoli","value":1},{"source":"Chandar","target":"Tchamkerten","value":7},{"source":"Gringoli","target":"Salgarelli","value":1},{"source":"Tibshirani","target":"Hastie","value":3},{"source":"Merghem","target":"Aubin","value":1},{"source":"Lombardy","target":"Sakarovitch","value":1},{"source":"Sibille","target":"Roblin","value":12},{"source":"Robbiano","target":"Cl\u00e9men\u00e7on","value":8},{"source":"Vinciarelli","target":"Pantic","value":1},{"source":"Garivier","target":"Capp\u00e9","value":7}]}