{"thollard":{"dept":2},"mascarenhas":{"dept":2},"d\u00e9rive":{"dept":4},"houy":{"dept":1},"van welbergen":{"dept":2},"huyart":{"dept":3},"savioli":{"dept":3},"zhao":{"dept":4},"erasme":{"dept":3},"benazza-benyahia":{"dept":2},"vasilakos":{"dept":4},"douc":{"dept":2},"coelho":{"dept":4},"bartlett":{"dept":2},"diallo":{"dept":2},"parmentier":{"dept":2},"talneau":{"dept":3},"batlinder":{"dept":2},"pantic":{"dept":2},"grimoud":{"dept":2},"tran":{"dept":2},"carpentier":{"dept":4},"holl\u00e4nder":{"dept":2},"bonhomme":{"dept":4},"pinna":{"dept":3},"hofmann":{"dept":4},"gustafson":{"dept":4},"chapon":{"dept":3},"vaton":{"dept":4},"pujolle":{"dept":4},"simonnet":{"dept":2},"oualha":{"dept":4},"maida":{"dept":2},"maunoury":{"dept":4},"cavazza":{"dept":2},"burnashev":{"dept":3},"hequn":{"dept":2},"sakiyama":{"dept":3},"moalla":{"dept":4},"bourmeyster":{"dept":2},"dudouet":{"dept":4},"awwad":{"dept":3},"gherman":{"dept":3},"meddeb":{"dept":2},"piramuthu":{"dept":4},"bickmore":{"dept":2},"wolff":{"dept":4},"petrovska-delacr\u00e9taz":{"dept":2},"von sachs":{"dept":2},"david":{"dept":2},"sigman":{"dept":2},"couronn\u00e9":{"dept":1},"tandiongga":{"dept":3},"dubois":{"dept":2},"nassor":{"dept":2},"leveau":{"dept":2},"wimmer":{"dept":2},"bai":{"dept":2},"morel":{"dept":2},"giuliani":{"dept":2},"dolan":{"dept":2},"guerid":{"dept":4},"auray":{"dept":1},"lobry":{"dept":2},"ennis":{"dept":2},"haddad":{"dept":4},"liu":{"dept":3},"baynat":{"dept":4},"brettel":{"dept":2},"duval":{"dept":2},"tsokanos":{"dept":3},"piron":{"dept":3},"ranft":{"dept":3},"nicolas":{"dept":2},"mueller":{"dept":2},"hammi":{"dept":4},"kanade":{"dept":2},"dubus":{"dept":4},"and dutoit":{"dept":2},"taqqu":{"dept":2},"mougeot":{"dept":2},"etzioni":{"dept":4},"pascucci":{"dept":2},"chaibi":{"dept":3},"bories":{"dept":3},"tressou":{"dept":2},"wei":{"dept":3},"gallo":{"dept":4},"bonchi":{"dept":4},"newson":{"dept":2},"dumez-f\u00e9roc":{"dept":1},"walpersdorf":{"dept":2},"marouan":{"dept":2},"lefebvre":{"dept":2},"nguyen":{"dept":3},"brunet":{"dept":2},"lamarque":{"dept":3},"karoui":{"dept":2},"da silva":{"dept":4},"de ch\u00e9risey":{"dept":3},"capman":{"dept":2},"maalej":{"dept":3},"sanlaville":{"dept":2},"couillet":{"dept":3},"cohen":{"dept":4},"dechelette":{"dept":2},"alistarh":{"dept":4},"poti":{"dept":3},"joshi":{"dept":3},"consularo":{"dept":2},"brenot":{"dept":3},"janez":{"dept":2},"khazaal":{"dept":2},"p\u00e9rez":{"dept":2},"arya":{"dept":0},"hachicha":{"dept":2},"gosselin":{"dept":2},"renault":{"dept":1},"l\u00e9vy-leduc":{"dept":2},"mevel":{"dept":2},"nedil":{"dept":3},"van der keur":{"dept":3},"daniel":{"dept":2},"schuller":{"dept":2},"le duc":{"dept":3},"savaria":{"dept":3},"chee":{"dept":3},"dickman":{"dept":1},"wandelt":{"dept":2},"sobolevskii":{"dept":2},"renzi":{"dept":2},"souradeep":{"dept":2},"sundaram":{"dept":2},"debuisschert":{"dept":4},"bordel":{"dept":2},"moncel":{"dept":4},"joder":{"dept":2},"wang":{"dept":3},"zhang":{"dept":4},"epasto":{"dept":4},"sankur":{"dept":2},"fotue":{"dept":4},"heipke":{"dept":2},"parisot":{"dept":1},"youssef":{"dept":4},"lagalaye":{"dept":2},"chapuis":{"dept":4},"girmens":{"dept":2},"benoit-":{"dept":2},"yang":{"dept":2},"rao":{"dept":4},"anchez":{"dept":2},"livolant":{"dept":4},"wadsworth":{"dept":4},"misseri":{"dept":4},"fauconnier":{"dept":4},"cotte":{"dept":2},"farjady":{"dept":3},"bhasin":{"dept":3},"le":{"dept":3},"sarda":{"dept":2},"nava":{"dept":4},"foucard":{"dept":2},"tang":{"dept":4},"fechteler":{"dept":2},"bonnaud":{"dept":3},"ghatak":{"dept":4},"roussel":{"dept":2},"stoyanovich":{"dept":4},"repka":{"dept":3},"pogorel":{"dept":1},"baker":{"dept":1},"benjabeur":{"dept":2},"audibert":{"dept":2},"lounes":{"dept":2},"nancel":{"dept":4},"kumar":{"dept":3},"fraysse":{"dept":2},"cabot":{"dept":2},"risse":{"dept":4},"belouchrani":{"dept":2},"gratch":{"dept":2},"onose":{"dept":4},"khoudmi":{"dept":4},"bursztyn":{"dept":4},"brown":{"dept":2},"vignes":{"dept":4},"bouqueau":{"dept":2},"viana":{"dept":4},"demeure":{"dept":4},"henrio":{"dept":3},"spadaro":{"dept":4},"de valicourt":{"dept":3},"ahmadi":{"dept":4},"segara":{"dept":4},"masucci":{"dept":2},"p.":{"dept":4},"blaszczyszyn":{"dept":4},"teglia":{"dept":3},"lung-yut-fong":{"dept":2},"koz":{"dept":2},"furtado":{"dept":2},"legout":{"dept":4},"levada":{"dept":2},"mazaira-fernandez":{"dept":2},"atchad\u00e9":{"dept":2},"kaiser":{"dept":4},"murrieta":{"dept":3},"moreau":{"dept":2},"vo":{"dept":2},"poggi":{"dept":2},"guerraoui":{"dept":4},"bencha\u00efb":{"dept":4},"grot":{"dept":3},"perrot":{"dept":2},"lomne":{"dept":3},"le cren":{"dept":3},"atanasiu":{"dept":2},"lardon":{"dept":2},"gati":{"dept":3},"coic":{"dept":2},"bianzino":{"dept":4},"hoonhout":{"dept":2},"cuingnet":{"dept":2},"wigger":{"dept":3},"chrisment":{"dept":4},"boyer":{"dept":2},"gennaro":{"dept":4},"boelle":{"dept":2},"dubey":{"dept":3},"alvarez-corrales":{"dept":4},"bienvenu":{"dept":4},"casellato":{"dept":2},"shafiei":{"dept":2},"clemente":{"dept":3},"gautier":{"dept":2},"jabbour":{"dept":3},"levin":{"dept":4},"tous":{"dept":2},"vi\u00e9ron":{"dept":2},"pham":{"dept":3},"ning":{"dept":4},"assarsson":{"dept":2},"canini":{"dept":4},"meziani":{"dept":2},"gr\u00e8ce":{"dept":1},"fevotte":{"dept":2},"fruneau":{"dept":2},"meg":{"dept":2},"brandner":{"dept":4},"leborgne":{"dept":2},"gonzalez-dominguez":{"dept":2},"abou-elailah":{"dept":2},"gunkel":{"dept":4},"plumbley":{"dept":2},"capp\u00e9capp\u00b4capp\u00e9":{"dept":2},"van battum":{"dept":3},"castella":{"dept":2},"kosmala":{"dept":2},"lei":{"dept":4},"hirabayashi":{"dept":2},"d\u00e9combas":{"dept":2},"ma\u02c6\u0131trema\u02c6\u0131tre":{"dept":2},"popovi":{"dept":3},"campuzano":{"dept":3},"nascimento pagliarini":{"dept":3},"ruppert":{"dept":4},"even":{"dept":3},"porayska-pomsta":{"dept":2},"ibrahim":{"dept":4},"ajem":{"dept":4},"hivon":{"dept":2},"wehner":{"dept":4},"lahat":{"dept":2},"cowie":{"dept":2},"davidovici-nora":{"dept":1},"vilhj\u00e1lmsson":{"dept":2},"ziat":{"dept":4},"kov\u00e1cs":{"dept":2},"jorgensen":{"dept":4},"volpe":{"dept":2},"aoki":{"dept":3},"fiengo":{"dept":2},"roquel":{"dept":2},"girard":{"dept":3},"lopez":{"dept":3},"van dijk":{"dept":3},"venard":{"dept":3},"jardel":{"dept":3},"guye":{"dept":2},"lepage":{"dept":3},"de domenico":{"dept":3},"varoquaux":{"dept":2},"luz":{"dept":2},"giudici":{"dept":2},"mozzati":{"dept":4},"larroca":{"dept":4},"clare":{"dept":2},"boulayemen":{"dept":2},"guiard":{"dept":4},"hamie":{"dept":4},"maghrebi":{"dept":3},"bordin":{"dept":4},"gheche":{"dept":2},"lemoine":{"dept":4},"van vu":{"dept":4},"bailly":{"dept":4},"eickenberg":{"dept":2},"alexiadis":{"dept":2},"brolly":{"dept":2},"marchal":{"dept":2},"grard":{"dept":3},"liutkus":{"dept":2},"dupouy":{"dept":2},"barka":{"dept":3},"gu":{"dept":4},"k\u00f6rner":{"dept":4},"duc":{"dept":3},"sharma":{"dept":3},"lucas":{"dept":3},"grojnowski":{"dept":2},"jagtap":{"dept":3},"fort":{"dept":2},"rossi":{"dept":4},"schl\u00f6gl":{"dept":2},"de vogeleer":{"dept":4},"nakkala":{"dept":3},"shamai":{"dept":3},"griesner":{"dept":4},"denis":{"dept":1},"mouret":{"dept":4},"chandra r.":{"dept":4},"kulnkhina":{"dept":4},"descoteaux":{"dept":2},"triaire":{"dept":3},"souha":{"dept":3},"maas":{"dept":3},"feng":{"dept":4},"schemali":{"dept":2},"husson":{"dept":2},"el ayoubi":{"dept":4},"gasiot":{"dept":3},"mahmoud":{"dept":2},"gille":{"dept":1},"mico":{"dept":2},"goix":{"dept":2},"benabed":{"dept":2},"cheikh":{"dept":4},"cr\u00e9pet":{"dept":2},"finamore":{"dept":4},"mouzna":{"dept":4},"miloudi":{"dept":2},"sy":{"dept":2},"b\u00e9chaux":{"dept":2},"moser":{"dept":3},"obaid":{"dept":2},"kokkinos":{"dept":4},"francescon":{"dept":4},"endo":{"dept":3},"dematteo":{"dept":2},"gravey":{"dept":3},"mitchell":{"dept":2},"f\u00e9 votte":{"dept":2},"kiyomoto":{"dept":3},"trinkler":{"dept":4},"herrera-mart\u00ed":{"dept":4},"roszczy\u00b4nskaroszczy\u00b4nska-kurasi\u00b4nskakurasi\u00b4nska":{"dept":4},"davydov":{"dept":4},"kelly":{"dept":2},"gendron":{"dept":2},"hedekvist":{"dept":3},"song":{"dept":3},"santha":{"dept":4},"cord":{"dept":2},"alioto":{"dept":3},"cuturi":{"dept":2},"morant":{"dept":3},"mani":{"dept":3},"brezak":{"dept":4},"zovato":{"dept":2},"donval":{"dept":2},"kordon":{"dept":4},"ferraz":{"dept":4},"arizu":{"dept":3},"smirr":{"dept":4},"mallaband":{"dept":2},"randriam":{"dept":4},"murrell":{"dept":3},"usunier":{"dept":2},"pacheo":{"dept":3},"manant":{"dept":1},"roux":{"dept":2},"gowing":{"dept":2},"morimitsu":{"dept":2},"beaudouin-lafon":{"dept":4},"dragomir":{"dept":3},"gedam":{"dept":2},"abdi.abyaneh":{"dept":3},"lauga":{"dept":2},"fowler":{"dept":2},"buckley":{"dept":3},"silverstein":{"dept":0},"kientega":{"dept":2},"gerla":{"dept":4},"didyk":{"dept":2},"dusi":{"dept":4},"bevilacqua":{"dept":2},"hachem":{"dept":3},"memari":{"dept":2},"balalau":{"dept":4},"nejabati":{"dept":3},"frossard":{"dept":2},"aksay":{"dept":2},"chiocchetti":{"dept":4},"masmoudi":{"dept":3},"qu":{"dept":2},"navali":{"dept":2},"mora":{"dept":2},"antonini":{"dept":2},"wurcker":{"dept":3},"langlet":{"dept":2},"qu\u00e9not":{"dept":2},"vexo":{"dept":2},"sarrazin":{"dept":3},"valletti":{"dept":1},"alberti":{"dept":2},"gafni":{"dept":4},"anfray":{"dept":3},"durmus":{"dept":2},"deconinck":{"dept":4},"fadili":{"dept":2},"besson":{"dept":2},"sneddon":{"dept":2},"boutros":{"dept":3},"ghazel":{"dept":3},"oliveira":{"dept":2},"allal":{"dept":3},"chanclou":{"dept":3},"savola":{"dept":4},"peyr\u00e9":{"dept":2},"rana":{"dept":2},"widynski":{"dept":2},"lasnier":{"dept":4},"begriche":{"dept":4},"tscheligi":{"dept":2},"bazm":{"dept":4},"mouchos":{"dept":3},"linot":{"dept":3},"senellart":{"dept":4},"ngo":{"dept":3},"richter":{"dept":2},"jean-louis":{"dept":2},"schubert":{"dept":3},"sok":{"dept":3},"mounier":{"dept":1},"atlan":{"dept":2},"mejail":{"dept":2},"abram":{"dept":3},"galv\u00e3o de oliveira":{"dept":2},"takayama":{"dept":2},"cecconi":{"dept":3},"decerle":{"dept":3},"oudre":{"dept":2},"bahouche":{"dept":3},"berg":{"dept":3},"zhou":{"dept":3},"welker":{"dept":2},"hori":{"dept":3},"h\u00e4me":{"dept":2},"perez":{"dept":2},"darbon":{"dept":2},"kegl":{"dept":2},"delesques":{"dept":3},"schelkens":{"dept":2},"battaner":{"dept":2},"hussain":{"dept":3},"mokbel":{"dept":2},"lu":{"dept":4},"marchand":{"dept":2},"vermeeren":{"dept":3},"mekki":{"dept":3},"atrio-barandela":{"dept":2},"basu":{"dept":2},"wassim":{"dept":2},"bovet":{"dept":1},"roman-gonzalez":{"dept":2},"tzekis":{"dept":3},"toutain":{"dept":0},"weninger":{"dept":2},"antipolis":{"dept":3},"awerbuch":{"dept":4},"bocquet":{"dept":4},"bruylants":{"dept":2},"roncin":{"dept":3},"spiliotopoulos":{"dept":4},"debarge":{"dept":3},"dupain":{"dept":2},"aissaoui-mehrez":{"dept":4},"thameri":{"dept":2},"benabes":{"dept":3},"pecune":{"dept":2},"veljovic":{"dept":3},"savu":{"dept":3},"menga":{"dept":4},"vanegas":{"dept":2},"gensollen":{"dept":1},"treussart":{"dept":4},"tournemenne":{"dept":2},"salem":{"dept":4},"amsterdamer":{"dept":4},"tan":{"dept":2},"gidoin":{"dept":4},"and even":{"dept":3},"zhioua":{"dept":4},"durut":{"dept":4},"galves":{"dept":2},"grossman":{"dept":4},"smailbegovic":{"dept":3},"sihem":{"dept":4},"stoffer":{"dept":2},"vasile":{"dept":2},"khalil":{"dept":1},"karaki":{"dept":3},"le gall":{"dept":3},"cesar":{"dept":2},"persechino":{"dept":4},"lin":{"dept":4},"francois":{"dept":1},"regis":{"dept":3},"meyer":{"dept":3},"niewiadomski":{"dept":2},"fillon":{"dept":2},"mazloum":{"dept":3},"bendris":{"dept":2},"ortega":{"dept":2},"glotin":{"dept":2},"sudhir":{"dept":3},"all\u00e9aume":{"dept":4},"buu":{"dept":4},"frey":{"dept":4},"alvarez":{"dept":3},"sayrac":{"dept":2},"von pechmann":{"dept":1},"kose":{"dept":3},"peyman":{"dept":2},"nakano":{"dept":3},"gouyon":{"dept":4},"etor\u00e9":{"dept":2},"burkhardt":{"dept":1},"dhia":{"dept":3},"jin":{"dept":3},"le corre":{"dept":3},"schm\u00fccker":{"dept":2},"lestage":{"dept":1},"evain":{"dept":3},"muselli":{"dept":1},"ribassin-majed":{"dept":2},"feuillet":{"dept":4},"de montmorillon":{"dept":3},"le mener":{"dept":3},"guenane":{"dept":4},"casadei":{"dept":3},"parello":{"dept":4},"hory":{"dept":2},"slusanschi":{"dept":3},"gaits":{"dept":4},"mullen":{"dept":2},"bawden":{"dept":2},"ouaarab":{"dept":3},"o &apos;connor":{"dept":2},"fallourd":{"dept":2},"nakashima":{"dept":2},"marsault":{"dept":4},"preston":{"dept":4},"gaujoux":{"dept":2},"knorreck":{"dept":3},"lemercier":{"dept":4},"cicalese":{"dept":4},"kiermaier":{"dept":3},"dreyfus":{"dept":2},"massin":{"dept":3},"amigo":{"dept":4},"s\u00e1nchez":{"dept":3},"le martret":{"dept":3},"brito":{"dept":3},"krayni":{"dept":3},"sim\u00f5es":{"dept":2},"bellante":{"dept":4},"guillamet":{"dept":3},"chunyang":{"dept":4},"pescador":{"dept":2},"heylen":{"dept":2},"dutrey":{"dept":2},"lewis":{"dept":4},"mackowiak":{"dept":3},"gomez":{"dept":4},"silva":{"dept":2},"wu":{"dept":3},"laroche":{"dept":2},"kiah":{"dept":3},"baader":{"dept":4},"tanzi":{"dept":3},"casta\u00f1\u00f3n":{"dept":3},"monteuuis":{"dept":4},"viateur":{"dept":2},"biancardi":{"dept":2},"lasaulce":{"dept":3},"ben youssef":{"dept":2},"bocktaels":{"dept":3},"gal\u00e1rraga":{"dept":4},"laisn\u00e9":{"dept":4},"lagana":{"dept":4},"cousien":{"dept":2},"mugellini":{"dept":4},"paris":{"dept":2},"kerenidis":{"dept":4},"rebeiro":{"dept":3},"krikidis":{"dept":3},"kheddar":{"dept":2},"clavel":{"dept":2},"osher":{"dept":2},"bejean":{"dept":1},"martinenghi":{"dept":4},"caon":{"dept":2},"mathieu":{"dept":3},"preciozzi":{"dept":2},"crucianu":{"dept":2},"roodaki":{"dept":2},"benedikt":{"dept":4},"kyrgyzova":{"dept":2},"martin":{"dept":2},"temmermans":{"dept":2},"h\u00e9nard":{"dept":4},"juszka":{"dept":2},"mus\u00e9":{"dept":2},"diaz":{"dept":4},"deslis":{"dept":2},"cherif":{"dept":3},"kazmierski":{"dept":3},"kofman":{"dept":4},"goulard":{"dept":3},"bemelmans":{"dept":2},"homayouni":{"dept":3},"lef\u00e8vre":{"dept":2},"allassonniere":{"dept":2},"balcan":{"dept":2},"benameur":{"dept":2},"apostolakis":{"dept":2},"thanh":{"dept":3},"bourgart":{"dept":3},"bevacqua":{"dept":2},"wiart":{"dept":2},"michel":{"dept":4},"sturmel":{"dept":2},"naacke":{"dept":4},"aumont":{"dept":2},"louis":{"dept":3},"gravier":{"dept":4},"potop-butucaru":{"dept":4},"naviner":{"dept":3},"mantrach":{"dept":4},"bouissou":{"dept":4},"laot":{"dept":2},"sabouret":{"dept":2},"zacchei":{"dept":2},"bajaj":{"dept":3},"lederer":{"dept":2},"parkkonen":{"dept":2},"punpongsanon":{"dept":2},"bauwelinck":{"dept":3},"m\u00fcller":{"dept":4},"m\u00f8ller":{"dept":4},"liang":{"dept":3},"delaye":{"dept":4},"de":{"dept":3},"rubio":{"dept":3},"barbu":{"dept":3},"morillot":{"dept":2},"prepin":{"dept":2},"benenson":{"dept":1},"philip":{"dept":2},"perino":{"dept":4},"poole":{"dept":3},"zarda":{"dept":3},"ravenet":{"dept":2},"triantafyllidis":{"dept":2},"klopp":{"dept":2},"tartavel":{"dept":2},"janssoone":{"dept":2},"montagner":{"dept":2},"moreau de saint-martin":{"dept":1},"gademer":{"dept":2},"levy-leduc":{"dept":2},"burgos garcia":{"dept":3},"feldmar":{"dept":2},"daumas":{"dept":4},"kai":{"dept":2},"dieng":{"dept":0},"kirby":{"dept":2},"simsekli":{"dept":2},"hajra":{"dept":3},"jemaa":{"dept":2},"waelbroeck":{"dept":1},"grati":{"dept":3},"vincent":{"dept":2},"leonardi":{"dept":4},"skerbekis":{"dept":3},"el karoui":{"dept":2},"rudge":{"dept":3},"meissner":{"dept":3},"karpushin":{"dept":2},"doulami":{"dept":4},"rosset":{"dept":2},"polti":{"dept":3},"berthellemy":{"dept":4},"crowley":{"dept":3},"montrosset":{"dept":3},"guy":{"dept":2},"guillossou":{"dept":3},"hurtut":{"dept":2},"bardenet":{"dept":2},"templin":{"dept":2},"becoulet":{"dept":3},"legr\u00e9":{"dept":4},"roy":{"dept":4},"vieux":{"dept":2},"diamanti":{"dept":4},"garimella":{"dept":4},"knoop":{"dept":4},"belhomme":{"dept":2},"milhorat":{"dept":2},"ruiz-mas":{"dept":4},"boutellaa":{"dept":2},"arnott":{"dept":2},"dang":{"dept":4},"teixera":{"dept":3},"lemenager":{"dept":3},"weissgerber":{"dept":2},"gauthier":{"dept":4},"korda":{"dept":2},"pesquet-popescu":{"dept":2},"hu":{"dept":3},"fantechi":{"dept":4},"benetos":{"dept":2},"betrancourt":{"dept":1},"s\u00e9bastien":{"dept":3},"guillo":{"dept":3},"ndiaye":{"dept":2},"d'assun\u00e7on":{"dept":3},"shao":{"dept":4},"miro panades":{"dept":3},"steglich":{"dept":2},"le gou\u00ebt":{"dept":3},"bernardini":{"dept":2},"aiguier":{"dept":2},"tupin":{"dept":2},"kordelas":{"dept":2},"sobolevski":{"dept":2},"jenu":{"dept":3},"desgreys":{"dept":3},"macovei":{"dept":2},"el-hajj":{"dept":2},"heitz":{"dept":4},"munuera":{"dept":0},"ania-castanon":{"dept":3},"godlewski":{"dept":4},"cox":{"dept":2},"hugues":{"dept":4},"ben abdallah":{"dept":3},"avramopoulos":{"dept":3},"alaoui soulimani":{"dept":4},"beuscart":{"dept":1},"serrurier":{"dept":2},"laine":{"dept":2},"giovanidis":{"dept":4},"gagnaire":{"dept":4},"skrzypczyk":{"dept":4},"ollivier":{"dept":2},"baccigalupi":{"dept":2},"klein":{"dept":3},"schmogrow":{"dept":3},"tillier":{"dept":2},"berbers":{"dept":4},"looser":{"dept":2},"saldana":{"dept":4},"testa":{"dept":4},"denoual":{"dept":2},"amine":{"dept":4},"minot":{"dept":3},"boubendir":{"dept":4},"besbes":{"dept":3},"overdijk":{"dept":1},"pornin":{"dept":2},"lehtom\u00e4ki":{"dept":4},"chammas":{"dept":2},"nemoianu":{"dept":2},"fenet":{"dept":2},"marsella":{"dept":2},"anh":{"dept":2},"prado":{"dept":2},"rioul":{"dept":3},"mroueh":{"dept":3},"galland":{"dept":4},"moussallam":{"dept":2},"bezerianos":{"dept":4},"sch\u00fcller":{"dept":2},"kerr":{"dept":2},"delon":{"dept":2},"desbrun":{"dept":2},"hemery":{"dept":4},"eisemann":{"dept":2},"simeonidou":{"dept":4},"birregah":{"dept":4},"gori":{"dept":3},"kuan":{"dept":2},"devillers":{"dept":2},"graciano fouquier":{"dept":2},"istrate":{"dept":2},"bodyfelt":{"dept":3},"enrici":{"dept":3},"zakynthinos":{"dept":3},"belabas":{"dept":3},"doumith":{"dept":4},"jourdan":{"dept":3},"gregoratti":{"dept":3},"debande":{"dept":3},"trouv\u00e9":{"dept":2},"stavrakas":{"dept":4},"kautz":{"dept":2},"grossin":{"dept":4},"colabrese":{"dept":4},"begaud":{"dept":3},"boujemaa":{"dept":2},"yao":{"dept":2},"carlesi":{"dept":2},"dohmatob":{"dept":2},"fang":{"dept":3},"yamada":{"dept":2},"ellis":{"dept":2},"grillot":{"dept":3},"maazaoui":{"dept":2},"pr\u00e9get":{"dept":1},"khandekar":{"dept":4},"saiu":{"dept":4},"cheriet":{"dept":2},"bollier":{"dept":4},"cappe":{"dept":2},"boubekeur":{"dept":2},"naji":{"dept":4},"pappa":{"dept":4},"alexa":{"dept":2},"valenti":{"dept":4},"caridakis":{"dept":2},"thiery":{"dept":2},"dikmen":{"dept":2},"fsaifes":{"dept":3},"dehaene":{"dept":2},"cayez":{"dept":4},"gonz\u00e1lez-rodr\u00edguez":{"dept":2},"castellanos":{"dept":4},"sandrin":{"dept":2},"feuillard":{"dept":2},"boissonnat":{"dept":2},"atto":{"dept":2},"inada":{"dept":1},"weikum":{"dept":4},"silveira":{"dept":3},"lejealle":{"dept":1},"mancini":{"dept":2},"bretto":{"dept":2},"osmane":{"dept":3},"abiteboul":{"dept":4},"chierchia":{"dept":2},"jansen":{"dept":2},"cr\u00e9no":{"dept":1},"sahel":{"dept":2},"coughlan":{"dept":2},"araya":{"dept":1},"iacoboaiea":{"dept":2},"samadzadegan":{"dept":2},"avramoupoulos":{"dept":3},"gunther":{"dept":2},"horincar":{"dept":4},"stoter":{"dept":2},"humbert":{"dept":2},"chetouani":{"dept":2},"parca":{"dept":3},"gruet":{"dept":3},"ghalbouni":{"dept":4},"torrisi":{"dept":4},"zerman":{"dept":2},"fadlallah":{"dept":4},"d\u00e9forges":{"dept":2},"djebaili":{"dept":4},"raouzaiou":{"dept":2},"millaud":{"dept":3},"beno\u02c6\u0131tbeno\u02c6\u0131t":{"dept":2},"graciano":{"dept":2},"traore":{"dept":3},"sajer":{"dept":3},"yi":{"dept":3},"adda-decker":{"dept":2},"rudant":{"dept":2},"oconnor@dcu":{"dept":2},"remillieux":{"dept":1},"vazquez":{"dept":3},"pajak":{"dept":2},"angelini":{"dept":2},"nagata":{"dept":3},"cai":{"dept":3},"sangnier":{"dept":2},"azodolmolky":{"dept":4},"sefidgaran":{"dept":3},"ta":{"dept":3},"iordache":{"dept":2},"sozio":{"dept":4},"gogniat":{"dept":3},"teixeira":{"dept":3},"kirschner":{"dept":1},"diez":{"dept":3},"jarajreh":{"dept":3},"conrad":{"dept":4},"massicotte":{"dept":3},"stoiber":{"dept":2},"h\u00e9bert":{"dept":1},"dong":{"dept":3},"drev":{"dept":4},"deutch":{"dept":4},"pr\u00e9pin":{"dept":2},"de joinville":{"dept":2},"funka-lea":{"dept":2},"ottersten":{"dept":3},"sansen":{"dept":2},"kaller":{"dept":2},"maciel":{"dept":3},"schrenk":{"dept":3},"morales":{"dept":4},"kessal":{"dept":4},"kopp":{"dept":2},"bernard":{"dept":1},"a\u00ebl richard":{"dept":2},"piau":{"dept":3},"zemen":{"dept":3},"lund":{"dept":2},"ghosh":{"dept":4},"urien":{"dept":4},"references":{"dept":2},"gullo":{"dept":4},"bonada":{"dept":3},"gomez-vilda":{"dept":2},"orieux":{"dept":4},"chen":{"dept":4},"vernier":{"dept":2},"magron":{"dept":2},"oprean":{"dept":2},"sansone":{"dept":2},"boukhatem":{"dept":4},"nakashole":{"dept":4},"gazi":{"dept":4},"broeck":{"dept":2},"sanaddidi":{"dept":4},"abdel nour":{"dept":3},"yan":{"dept":4},"kaaniche":{"dept":2},"causo":{"dept":3},"garg":{"dept":3},"carofiglio":{"dept":4},"duperray":{"dept":3},"ababsa":{"dept":2},"simoni":{"dept":4},"dupperay":{"dept":3},"bennai":{"dept":3},"davidoiu":{"dept":2},"kloeckner":{"dept":2},"and pelachaud":{"dept":2},"andr\u00e8":{"dept":2},"andr\u00e9":{"dept":2},"h\u00e9brail":{"dept":4},"reis":{"dept":3},"gr\u00e9hant":{"dept":4},"piotrowicz":{"dept":3},"guillemot":{"dept":2},"memmi":{"dept":4},"perrault":{"dept":4},"guemera":{"dept":4},"marcille":{"dept":3},"pejanovic-djurisic":{"dept":3},"sim":{"dept":2},"abdessalem":{"dept":4},"ebrahimi":{"dept":2},"hlavacek":{"dept":4},"armitage-caplan":{"dept":2},"mivielle":{"dept":4},"jussi":{"dept":2},"kung":{"dept":4},"gagni\u00e8re":{"dept":1},"carrive":{"dept":2},"picard":{"dept":1},"singer":{"dept":2},"tabard":{"dept":4},"teixeira franco":{"dept":3},"contal":{"dept":3},"bencha\u00a8\u0131bbencha\u00a8\u0131b":{"dept":4},"khoukhi":{"dept":4},"zilber":{"dept":2},"ustunel":{"dept":4},"kyrgyzov":{"dept":2},"strufe":{"dept":4},"bremer":{"dept":2},"proulx":{"dept":1},"white":{"dept":2},"blouet":{"dept":2},"monroy":{"dept":3},"sun":{"dept":2},"prat":{"dept":3},"fressancourt":{"dept":4},"preda":{"dept":4},"drago":{"dept":4},"guemara":{"dept":4},"roueff":{"dept":2},"meng":{"dept":2},"fernandes":{"dept":3},"chiaraviglio":{"dept":4},"bateman":{"dept":4},"rmayti":{"dept":4},"tualle-brouri":{"dept":4},"grelier":{"dept":3},"pouyet":{"dept":1},"cheng":{"dept":2},"li":{"dept":3},"privault":{"dept":4},"ksylakis":{"dept":2},"bachoc":{"dept":0},"attaya":{"dept":2},"le feuvre":{"dept":2},"loulou":{"dept":3},"sansonnet":{"dept":2},"ehsan":{"dept":3},"raulet":{"dept":2},"dontabactouny":{"dept":3},"painchault":{"dept":4},"zahariadis":{"dept":4},"lejeune":{"dept":2},"garakani":{"dept":2},"cl\u00e9mencon":{"dept":2},"renard":{"dept":3},"jelassi":{"dept":2},"mumtaz":{"dept":3},"bertrand":{"dept":4},"minero":{"dept":3},"seraoui":{"dept":4},"salomon":{"dept":2},"vernade":{"dept":2},"vallet":{"dept":3},"de arazoza":{"dept":4},"czarny":{"dept":3},"legouverneur":{"dept":2},"devriendt":{"dept":2},"chautru":{"dept":2},"loualiche":{"dept":3},"sander":{"dept":2},"petit-ferrufino":{"dept":3},"longo":{"dept":4},"razik":{"dept":2},"vassalos":{"dept":4},"violato":{"dept":2},"altman":{"dept":4},"medagliani":{"dept":4},"khsiba":{"dept":3},"djoma":{"dept":3},"cambril":{"dept":3},"eitz":{"dept":2},"hanoune":{"dept":2},"baur":{"dept":2},"taht":{"dept":4},"valstar":{"dept":2},"p\u00e9nard":{"dept":3},"s\u00e1nchez p\u00e9rez":{"dept":2},"abraham":{"dept":2},"bagheri garakani":{"dept":2},"delbracio":{"dept":2},"coupechoux":{"dept":4},"mani\u00e7on":{"dept":3},"rahimi":{"dept":3},"antwerp":{"dept":2},"cardoso":{"dept":2},"orensanz":{"dept":2},"ahar":{"dept":2},"bianne":{"dept":2},"truong":{"dept":3},"dricot":{"dept":2},"grana":{"dept":2},"peters":{"dept":2},"klokmose":{"dept":4},"costagliola":{"dept":4},"schaub":{"dept":3},"van broeck":{"dept":2},"schmidt":{"dept":2},"galopin":{"dept":3},"rivi\u00e8re":{"dept":3},"trocan":{"dept":2},"carlson":{"dept":4},"gervais":{"dept":2},"popescu-belis":{"dept":2},"pramanik":{"dept":4},"veganzones":{"dept":2},"he":{"dept":3},"gapenne":{"dept":4},"zeadally":{"dept":4},"kourandi":{"dept":1},"bianco":{"dept":4},"habib":{"dept":2},"neto":{"dept":3},"lassalle":{"dept":4},"summa":{"dept":2},"chong":{"dept":4},"chabanne":{"dept":4},"steinberg":{"dept":3},"gruget":{"dept":3},"benmokhtar":{"dept":2},"wohlfarth":{"dept":2},"pelachaud":{"dept":2},"delhumeau":{"dept":2},"genakos":{"dept":1},"gaspar":{"dept":3},"bouet":{"dept":4},"monteil":{"dept":4},"schwarz":{"dept":2},"fritsch":{"dept":4},"ponton":{"dept":2},"bellot":{"dept":4},"charles":{"dept":2},"israel-jost":{"dept":2},"gini":{"dept":2},"narwaria":{"dept":2},"kalavrouziotis":{"dept":3},"lalande":{"dept":4},"bisot":{"dept":2},"remazeilles":{"dept":2},"masurelle":{"dept":2},"bullet":{"dept":2},"chevallier":{"dept":2},"barbier":{"dept":4},"guerra":{"dept":3},"petit":{"dept":3},"beaudoin":{"dept":2},"lai":{"dept":3},"cockmartin":{"dept":2},"xing":{"dept":2},"paristech":{"dept":4},"vercesi":{"dept":3},"munafo":{"dept":4},"naderi":{"dept":3},"essid":{"dept":2},"cano":{"dept":3},"bloch":{"dept":2},"souissi":{"dept":3},"rahmoun":{"dept":4},"johannisson":{"dept":3},"baskiotis":{"dept":2},"sinha":{"dept":4},"abdallah":{"dept":3},"doin":{"dept":2},"feinberg":{"dept":2},"shen":{"dept":2},"f\u00e9votte":{"dept":2},"dissaux":{"dept":4},"eagan":{"dept":4},"atanassiu":{"dept":2},"cotret":{"dept":3},"poornakhartik":{"dept":3},"al zahr":{"dept":4},"sadek":{"dept":2},"najm":{"dept":3},"despouys":{"dept":4},"mancuso":{"dept":2},"laurier":{"dept":4},"sol\u00e9":{"dept":3},"moli\u00e8re":{"dept":3},"murphy":{"dept":4},"menif":{"dept":3},"callejas":{"dept":2},"sendorek":{"dept":2},"khaled":{"dept":4},"fran\u00e7on":{"dept":1},"dareau":{"dept":2},"law niewiadomski":{"dept":2},"damian":{"dept":2},"ardestanizadeh":{"dept":3},"el zant":{"dept":4},"enriquez":{"dept":3},"ameur-boulifa":{"dept":3},"seinturier":{"dept":4},"kazemipour":{"dept":3},"halalai":{"dept":3},"lasserre":{"dept":2},"brunner":{"dept":4},"mouratidis":{"dept":4},"arsov":{"dept":2},"selvaraj":{"dept":2},"souloumiac":{"dept":2},"schurger":{"dept":2},"hanson":{"dept":2},"gaiti":{"dept":4},"penninckx":{"dept":3},"irrera":{"dept":2},"bathula":{"dept":3},"ter maat":{"dept":2},"anet neto":{"dept":3},"standaert":{"dept":3},"shafey":{"dept":2},"luedge":{"dept":3},"jany":{"dept":3},"erdem":{"dept":2},"gastpar":{"dept":3},"afifi":{"dept":4},"fakhoury":{"dept":3},"juan":{"dept":3},"yuan":{"dept":4},"ius":{"dept":2},"tritschler":{"dept":2},"potetsianakis":{"dept":2},"du ch\u00e9n\u00e9":{"dept":0},"decarli":{"dept":3},"kl\u00f6eckner":{"dept":2},"saino":{"dept":4},"rosero":{"dept":4},"gon\u00e7on":{"dept":3},"hudry":{"dept":4},"menasri":{"dept":2},"ridgers":{"dept":3},"mangeney":{"dept":3},"van-leeuwen":{"dept":2},"gojmerac":{"dept":4},"jacob":{"dept":4},"mo":{"dept":4},"huot":{"dept":4},"cuda":{"dept":4},"g\u00f3mez vilda":{"dept":2},"kitanovski":{"dept":2},"maniak":{"dept":1},"tsandilas":{"dept":4},"olsson":{"dept":2},"lafaye":{"dept":4},"avanthey":{"dept":2},"kuznetsov":{"dept":4},"medina":{"dept":2},"xia":{"dept":2},"quignard":{"dept":1},"mattavelli":{"dept":2},"crespo marques":{"dept":3},"gajny":{"dept":2},"deutsch":{"dept":4},"joumblatt":{"dept":4},"rekaya-ben othman":{"dept":3},"rekaya ben othman":{"dept":3},"ileana":{"dept":4},"alvarez-marquina":{"dept":2},"puel":{"dept":1},"de la plata alcalde":{"dept":2},"berthier":{"dept":3},"jallon":{"dept":2},"festor":{"dept":4},"wilkinson":{"dept":2},"savvides":{"dept":4},"maillard":{"dept":2},"gorin":{"dept":2},"thomas":{"dept":2},"bodin":{"dept":2},"fournier":{"dept":2},"duret-lutz":{"dept":4},"moureau":{"dept":1},"moulines":{"dept":2},"chatzinotas":{"dept":3},"crenne":{"dept":3},"richa":{"dept":4},"rekaya-ben":{"dept":3},"brien":{"dept":2},"els\u00e4sser":{"dept":3},"troare":{"dept":3},"ben cheikh":{"dept":4},"entrena":{"dept":3},"ruz":{"dept":4},"nassopulos":{"dept":4},"dedeoglu":{"dept":3},"lombard":{"dept":3},"kim":{"dept":3},"bazargan":{"dept":3},"mazumdar":{"dept":4},"ma\u00eetre":{"dept":2},"loubaton":{"dept":3},"piatrik":{"dept":2},"badellino":{"dept":2},"subramanian":{"dept":4},"gassiat":{"dept":2},"muse":{"dept":2},"nabet":{"dept":4},"carneiro viana":{"dept":4},"meertens":{"dept":2},"scarpa":{"dept":4},"kiennert":{"dept":4},"erdmann":{"dept":3},"cavicchio":{"dept":2},"maris ferreira":{"dept":3},"muscariello":{"dept":4},"beveratos":{"dept":3},"cambini":{"dept":1},"gutemberg":{"dept":3},"dehmas":{"dept":3},"khlass":{"dept":4},"gosh":{"dept":4},"anderson":{"dept":2},"hombert":{"dept":1},"hose":{"dept":4},"tomkos":{"dept":3},"mermoud":{"dept":4},"jones":{"dept":2},"fachini":{"dept":4},"pustelnik":{"dept":2},"antonio":{"dept":4},"j\u00e4rvel\u00e4":{"dept":1},"lallemand":{"dept":0},"sarraute":{"dept":3},"seidel":{"dept":2},"milan":{"dept":3},"yvvind":{"dept":3},"nicolae":{"dept":2},"salam":{"dept":2},"junior":{"dept":3},"mauro":{"dept":2},"moghrani":{"dept":2},"angelou":{"dept":4},"lalanda":{"dept":4},"benboudjema":{"dept":2},"tudor":{"dept":2},"chan":{"dept":4},"pesquet":{"dept":2},"ferr\u00e9":{"dept":3},"ba":{"dept":4},"courtat":{"dept":4},"majed":{"dept":2},"vihola":{"dept":2},"gandy":{"dept":3},"carras":{"dept":3},"belgarric":{"dept":3},"arsenijevic":{"dept":3},"quin":{"dept":2},"curtit":{"dept":2},"auger":{"dept":4},"bombrun":{"dept":2},"riviello":{"dept":2},"ravi":{"dept":4},"conil":{"dept":2},"nguyen-thanh":{"dept":3},"rodriguez":{"dept":2},"murthy":{"dept":4},"trapateau":{"dept":4},"rossant":{"dept":2},"dogan":{"dept":1},"lerasle":{"dept":2},"ware":{"dept":3},"barreiro":{"dept":2},"bergman":{"dept":3},"timmerer":{"dept":2},"agraz":{"dept":4},"mangili":{"dept":4},"stehl\u00e9":{"dept":3},"senel":{"dept":4},"agostini":{"dept":2},"lancry":{"dept":1},"muraoka":{"dept":3},"gebhard":{"dept":2},"bonaventure":{"dept":4},"borde":{"dept":4},"yu":{"dept":2},"hoffman":{"dept":2},"san millan":{"dept":3},"vialaneix":{"dept":2},"safadi":{"dept":2},"luzzi":{"dept":3},"kottayil":{"dept":2},"kervadec":{"dept":2},"deniel":{"dept":3},"cousin":{"dept":3},"de la torre":{"dept":3},"mancas":{"dept":2},"wright":{"dept":3},"richard":{"dept":2},"sigelle":{"dept":2},"harmand":{"dept":3},"de goes":{"dept":2},"gacem":{"dept":4},"galerne":{"dept":2},"caselles":{"dept":2},"guidici":{"dept":2},"distel":{"dept":2},"oechtering":{"dept":3},"ayache":{"dept":2},"kaltenberger":{"dept":3},"pasquet":{"dept":4},"pardo":{"dept":2},"ene b\u00e9dard":{"dept":2},"n\u00e9bus":{"dept":3},"pirhonen":{"dept":2},"alami":{"dept":2},"srivastava":{"dept":4},"eang":{"dept":1},"king":{"dept":2},"adda":{"dept":2},"sanso":{"dept":4},"makram-ebeid":{"dept":2},"durrieu":{"dept":2},"zouari":{"dept":3},"alvares de oliveira jr.":{"dept":4},"maziotis":{"dept":3},"tepper":{"dept":2},"willett":{"dept":2},"haueisen":{"dept":2},"buisson":{"dept":2},"ben dhia":{"dept":3},"hullin":{"dept":2},"brumby":{"dept":4},"chollet":{"dept":2},"huaiyuan":{"dept":4},"timbert":{"dept":3},"beauvisage":{"dept":1},"pammi":{"dept":2},"lopez ruiz":{"dept":3},"shi":{"dept":3},"mallet":{"dept":2},"saadani":{"dept":3},"arantes":{"dept":4},"mesnager":{"dept":4},"kulcsar":{"dept":2},"lingau":{"dept":3},"pothin":{"dept":3},"quoc":{"dept":2},"liao":{"dept":3},"campedel":{"dept":2},"lester":{"dept":3},"lindenbaum":{"dept":2},"thedrez":{"dept":3},"bouysse":{"dept":3},"elaabid":{"dept":3},"kochetov":{"dept":4},"bermolen":{"dept":4},"tchamkerten":{"dept":3},"msahli":{"dept":4},"pulou":{"dept":4},"faugeras":{"dept":2},"verdoliva":{"dept":2},"grosicki":{"dept":2},"siehndel":{"dept":4},"garschall":{"dept":2},"ben meriem":{"dept":0},"fox":{"dept":2},"minet":{"dept":4},"aug\u00e9":{"dept":4},"honkala":{"dept":4},"davila felipe":{"dept":2},"bubeck":{"dept":2},"aupetit-berthelemot":{"dept":3},"charbonnier":{"dept":3},"faraj":{"dept":2},"torras flaquer":{"dept":3},"gros":{"dept":2},"heng chuan":{"dept":4},"roussarie":{"dept":2},"mantiuk":{"dept":2},"ilhe":{"dept":2},"saucez":{"dept":4},"f r i e d m a n":{"dept":4},"brossaud":{"dept":0},"bello":{"dept":2},"ball\u00e9":{"dept":1},"lozac'h":{"dept":3},"viste":{"dept":4},"baboud":{"dept":2},"bassem":{"dept":4},"blinder":{"dept":2},"bourdon":{"dept":3},"peltier":{"dept":1},"taillade":{"dept":3},"depecker":{"dept":2},"ledoux":{"dept":4},"socheleau":{"dept":3},"pereira":{"dept":2},"guilet":{"dept":3},"olinger":{"dept":3},"fern\u00e1ndez":{"dept":3},"rolland":{"dept":4},"poisson":{"dept":2},"garcia":{"dept":3},"bichot":{"dept":2},"miasojedow":{"dept":2},"vandevalle":{"dept":2},"hocquet":{"dept":3},"brahmi":{"dept":3},"diderot":{"dept":4},"ralescu":{"dept":2},"dasilva":{"dept":4},"zant":{"dept":4},"simon":{"dept":3},"picon":{"dept":2},"ismail":{"dept":4},"wai":{"dept":2},"hyniewska":{"dept":2},"nutt":{"dept":4},"de dieuleveult":{"dept":2},"terchoune":{"dept":3},"symeonidou":{"dept":2},"s a r k i s s *":{"dept":3},"jouini":{"dept":1},"kharouf":{"dept":3},"mizuki":{"dept":3},"marquet":{"dept":4},"torres":{"dept":3},"pink":{"dept":2},"corten":{"dept":1},"perreira da silva":{"dept":2},"leli\u00e8vre":{"dept":2},"benois-pineau":{"dept":2},"pietrzak":{"dept":4},"khadraoui":{"dept":4},"ouvry":{"dept":3},"villain":{"dept":3},"roch":{"dept":4},"duan":{"dept":3},"cadoret":{"dept":3},"loiret":{"dept":4},"jayasuriya":{"dept":2},"roberts":{"dept":4},"senecal":{"dept":4},"veyrat-charvillon":{"dept":3},"safari":{"dept":4},"velasco":{"dept":4},"tsuchida":{"dept":4},"iutzeler":{"dept":0},"low":{"dept":4},"eyben":{"dept":2},"cl\u00e9men\u00e7on":{"dept":2},"levenson":{"dept":3},"almansa":{"dept":2},"cheung":{"dept":2},"gresset":{"dept":3},"dumoulin":{"dept":1},"tichit":{"dept":3},"voinescu":{"dept":3},"greco":{"dept":2},"hildebrand":{"dept":2},"blanz":{"dept":2},"bouzakaria":{"dept":2},"bottoni":{"dept":3},"reisen":{"dept":2},"fourati":{"dept":2},"encrenaz-tiphene":{"dept":3},"weyl":{"dept":3},"eisert":{"dept":2},"aubonnet":{"dept":4},"mikhno":{"dept":2},"abdeljaoued":{"dept":4},"osinski":{"dept":3},"idrees":{"dept":3},"drouard":{"dept":1},"l\u00fctkenhaus":{"dept":4},"houcke":{"dept":3},"oueslati-boulahia":{"dept":4},"pandey":{"dept":2},"charaf":{"dept":3},"douillard":{"dept":3},"endriss":{"dept":4},"maslekar":{"dept":4},"ladjal":{"dept":2},"paul":{"dept":4},"klonidis":{"dept":3},"delaveau":{"dept":3},"ui":{"dept":4},"ashdown":{"dept":2},"bianne-bernard":{"dept":2},"genius":{"dept":3},"seoane":{"dept":3},"k\u00e9lif":{"dept":4},"ben-houidi":{"dept":4},"alessandria":{"dept":4},"maugey":{"dept":2},"belhadj amor":{"dept":3},"caldognetto":{"dept":2},"oriot":{"dept":2},"larousse":{"dept":3},"geller":{"dept":3},"shavit":{"dept":4},"gargouri":{"dept":2},"lazaridis":{"dept":3},"sato":{"dept":2},"dorra":{"dept":4},"labarthe":{"dept":1},"casoria":{"dept":4},"shabou":{"dept":2},"dai":{"dept":2},"v\u00e9ronique":{"dept":2},"boudy":{"dept":2},"walle":{"dept":3},"callabretta":{"dept":3},"moussalam":{"dept":2},"pinel":{"dept":2},"encrenaz":{"dept":3},"bacache":{"dept":1},"jousset":{"dept":3},"neyret":{"dept":2},"bocchi":{"dept":4},"colin koeninger":{"dept":2},"laheurte":{"dept":3},"mat\u011bjka":{"dept":2},"bimberg":{"dept":3},"clemencon@telecom-paristech":{"dept":2},"busquets":{"dept":4},"hardy":{"dept":3},"pache":{"dept":4},"cemgil":{"dept":2},"amarilli":{"dept":4},"girin":{"dept":2},"koch":{"dept":2},"calderon":{"dept":2},"corrales":{"dept":4},"rychwalska":{"dept":4},"tammaro":{"dept":4},"vautrot":{"dept":2},"cansi":{"dept":2},"qiu":{"dept":3},"najim":{"dept":3},"mraidha":{"dept":4},"duffau":{"dept":2},"yin":{"dept":4},"danger":{"dept":3},"battie":{"dept":3},"roudas":{"dept":3},"araldo":{"dept":4},"miletitch":{"dept":2},"veglia":{"dept":4},"bao":{"dept":4},"merola":{"dept":2},"you":{"dept":3},"firmenich":{"dept":4},"ortiz segovia":{"dept":2},"peri":{"dept":4},"murdica":{"dept":3},"day":{"dept":2},"jourdain":{"dept":2},"kopinsky":{"dept":4},"riguidel":{"dept":4},"tierny":{"dept":2},"herzog":{"dept":2},"bourcier":{"dept":4},"koprivica":{"dept":3},"bell":{"dept":4},"marraud":{"dept":2},"varona":{"dept":2},"yoon":{"dept":2},"lechevallier":{"dept":4},"tardieu":{"dept":4},"kuran":{"dept":4},"conti":{"dept":3},"d'errico":{"dept":3},"masera":{"dept":3},"moyal":{"dept":4},"huguet":{"dept":4},"suchanek":{"dept":4},"zhu":{"dept":2},"feuvre":{"dept":2},"magne":{"dept":3},"idier":{"dept":2},"petruzzi":{"dept":4},"cordasco":{"dept":2},"bertail":{"dept":2},"graham barr":{"dept":2},"marion":{"dept":3},"mikroulis":{"dept":3},"hoogsto\u00ebl":{"dept":2},"thorm\u00e4hlen":{"dept":2},"morvan":{"dept":3},"dr\u00e9meau":{"dept":2},"battin":{"dept":2},"canat":{"dept":3},"gassara":{"dept":3},"bourgeois":{"dept":1},"guidi":{"dept":3},"olafsdottir":{"dept":4},"bonald":{"dept":4},"roszczynska-kurasinska":{"dept":4},"dixon":{"dept":2},"georges":{"dept":1},"rehm":{"dept":2},"thouenon":{"dept":4},"l\u00ea":{"dept":2},"soladi\u00e9":{"dept":2},"ghanem":{"dept":3},"diaconescu":{"dept":4},"freibert":{"dept":3},"papadopoulos":{"dept":2},"hamdiaoui":{"dept":3},"dhanjal":{"dept":2},"arti\u00e8res":{"dept":2},"naccari":{"dept":2},"cocherel":{"dept":2},"ouffoue":{"dept":3},"traverso":{"dept":4},"auge":{"dept":4},"marris-morini":{"dept":4},"briais":{"dept":3},"chatelain":{"dept":2},"moretti":{"dept":4},"charbit":{"dept":2},"almeida":{"dept":3},"de goes caltech":{"dept":2},"sanchez":{"dept":3},"boudria":{"dept":3},"smith":{"dept":4},"igarashi":{"dept":2},"bracher":{"dept":3},"chielli":{"dept":3},"green":{"dept":2},"capelle":{"dept":2},"gauriau":{"dept":2},"bouchouata":{"dept":2},"batte":{"dept":3},"lopez quiroz":{"dept":2},"benoit":{"dept":2},"hossain":{"dept":4},"aldaya":{"dept":3},"peter":{"dept":2},"schneider":{"dept":3},"borderie":{"dept":2},"kemel":{"dept":2},"degli esposti":{"dept":3},"romain":{"dept":2},"schoell":{"dept":3},"giannoulis":{"dept":3},"iwai":{"dept":2},"wollmer":{"dept":2},"de melo":{"dept":4},"sens":{"dept":4},"chalumyan":{"dept":3},"kelif":{"dept":4},"garbas":{"dept":2},"debbah":{"dept":2},"natali":{"dept":3},"mukhopadhyay":{"dept":3},"libman":{"dept":4},"lugou":{"dept":3},"aldea":{"dept":2},"riuz":{"dept":4},"froc":{"dept":3},"coh\u00e9":{"dept":4},"garc\u00eda":{"dept":2},"zganec-gros":{"dept":2},"mai":{"dept":4},"calabretta":{"dept":3},"ling":{"dept":3},"bretar":{"dept":2},"sauvage":{"dept":3},"hine":{"dept":2},"pacheco":{"dept":3},"selker":{"dept":1},"bouazizi":{"dept":2},"thirion":{"dept":2},"clausel":{"dept":2},"aranda":{"dept":4},"belgacem":{"dept":4},"hertoghs":{"dept":4},"meo":{"dept":4},"hamam":{"dept":2},"biega":{"dept":4},"daguet":{"dept":2},"province":{"dept":2},"oita":{"dept":4},"khy":{"dept":3},"poumellec":{"dept":3},"arnouts":{"dept":2},"delporte":{"dept":4},"sirbu":{"dept":1},"cambone":{"dept":1},"mccann":{"dept":4},"esposito":{"dept":2},"alvarado":{"dept":3},"moison":{"dept":3},"prouff":{"dept":3},"witrisal":{"dept":3},"bertin":{"dept":4},"melakessou":{"dept":4},"plachouras":{"dept":4},"buob":{"dept":4},"le pouliquen":{"dept":3},"karam":{"dept":2},"amarill\u00ed":{"dept":4},"sbata":{"dept":4},"khoury":{"dept":2},"ban":{"dept":3},"katopodis":{"dept":3},"bartelmann":{"dept":2},"decobert":{"dept":3},"schutz":{"dept":1},"ballan":{"dept":2},"charue-duboc":{"dept":1},"le bidan":{"dept":3},"forzy":{"dept":1},"hilsmann":{"dept":2},"gjerlufsen":{"dept":4},"c\u00e9dric":{"dept":4},"irion":{"dept":2},"ziebell":{"dept":4},"dhersin":{"dept":4},"ruellan":{"dept":2},"jumpertz":{"dept":3},"faura":{"dept":4},"lobstein":{"dept":4},"thiesse":{"dept":2},"benamouzig":{"dept":2},"le pichon":{"dept":2},"dwivedi":{"dept":4},"pujol":{"dept":4},"coudert":{"dept":3},"cholez":{"dept":4},"scheuermann":{"dept":3},"maaz":{"dept":3},"loumeau":{"dept":3},"mauduit":{"dept":1},"derouiche":{"dept":4},"conrat":{"dept":3},"rakotomamonjy":{"dept":2},"soergel":{"dept":2},"capp\u00e9":{"dept":2},"manolescu":{"dept":4},"erez":{"dept":2},"moradi":{"dept":3},"coucheney":{"dept":4},"ade":{"dept":2},"diguet":{"dept":3},"procaccia":{"dept":4},"sabater":{"dept":2},"le floch":{"dept":2},"blaqui\u00e8re":{"dept":3},"katsis":{"dept":4},"doherty":{"dept":2},"messer":{"dept":2},"crassin":{"dept":2},"boisgontier":{"dept":2},"bellet":{"dept":2},"vgenopoulou":{"dept":3},"durand":{"dept":2},"donnet":{"dept":4},"ciblat":{"dept":3},"bolon":{"dept":2},"lagay":{"dept":3},"cao":{"dept":2},"harizi":{"dept":2},"morral":{"dept":2},"lesage":{"dept":2},"mondrag\u00f3n":{"dept":3},"gocho":{"dept":2},"kammoun":{"dept":2},"alouini":{"dept":2},"smaragdis":{"dept":2},"rouquette-l\u00e9veil":{"dept":3},"le corff":{"dept":2},"d\u00e9tienne":{"dept":1},"mekuria":{"dept":2},"rebafka":{"dept":2},"poupon":{"dept":2},"bringer":{"dept":4},"cignoni":{"dept":2},"olivo-marin":{"dept":2},"dubarry":{"dept":2},"fablet":{"dept":2},"doukhan":{"dept":2},"castanon":{"dept":3},"el attar":{"dept":4},"corteel":{"dept":4},"weigel":{"dept":4},"huor":{"dept":4},"ruttkay":{"dept":2},"loiseau":{"dept":3},"grompone von gioi":{"dept":2},"buendia":{"dept":2},"guilbaud":{"dept":4},"ducournau":{"dept":2},"van hove":{"dept":1},"salvadeo":{"dept":2},"yvon":{"dept":2},"faugeron":{"dept":3},"marin":{"dept":4},"rebai":{"dept":3},"mrak":{"dept":2},"daras":{"dept":2},"vaiter":{"dept":2},"bougioukos":{"dept":3},"mccosker":{"dept":2},"lalam":{"dept":3},"walter":{"dept":4},"jouvelot":{"dept":4},"burokur":{"dept":3},"ele grosicki":{"dept":2},"feiler":{"dept":4},"le rouzic":{"dept":4},"theobald":{"dept":4},"syed":{"dept":2},"lefevre":{"dept":2},"mazin":{"dept":2},"montenez":{"dept":4},"octobre":{"dept":1},"di natale":{"dept":3},"jolivet":{"dept":3},"kikuchi":{"dept":4},"miyake":{"dept":3},"cahour":{"dept":1},"vesnicer":{"dept":2},"hojeij":{"dept":2},"pillot-loiseau":{"dept":2},"kong":{"dept":4},"pesquet-":{"dept":2},"franco-pedroso":{"dept":2},"gharei":{"dept":3},"mendieta":{"dept":3},"fuller":{"dept":4},"douay":{"dept":3},"nempont":{"dept":2},"noma":{"dept":2},"delgado":{"dept":2},"friedman":{"dept":4},"rossini":{"dept":4},"agha":{"dept":4},"bouhdaoui":{"dept":1},"harant":{"dept":2},"mukherjee":{"dept":3},"anand":{"dept":4},"happi-tietche":{"dept":2},"pogosyan":{"dept":2},"rigaux":{"dept":4},"vansyngel":{"dept":2},"merialdo":{"dept":2},"blaizot":{"dept":2},"gagnon":{"dept":3},"zaquine":{"dept":4},"furche":{"dept":4},"sahbi":{"dept":2},"naghshvar":{"dept":3},"fossier":{"dept":4},"fuchs":{"dept":3},"deva":{"dept":2},"purica":{"dept":2},"al agha":{"dept":2},"vilardi":{"dept":4},"gicquel-gu\u00e9zo":{"dept":3},"anders":{"dept":4},"grangier":{"dept":4},"abad":{"dept":2},"boistard":{"dept":2},"bross":{"dept":3},"chattopadhyay":{"dept":4},"pikrakis":{"dept":2},"xiong":{"dept":4},"lapidoth":{"dept":3},"roug\u00e9":{"dept":2},"derive":{"dept":4},"doran":{"dept":3},"cadik":{"dept":2},"foulon":{"dept":4},"chryssafidou":{"dept":2},"bossuet":{"dept":3},"al-hajj mohamed":{"dept":2},"bossuyt":{"dept":4},"alvarez-chavez":{"dept":3},"sportouche":{"dept":2},"sitt":{"dept":2},"verdier":{"dept":1},"matherat":{"dept":3},"vellido":{"dept":4},"nathwani":{"dept":2},"hammami":{"dept":4},"mallegol":{"dept":3},"g\u00e9rard":{"dept":3},"anquez":{"dept":2},"nicolau":{"dept":3},"renan":{"dept":2},"redi":{"dept":2},"paques":{"dept":2},"phung":{"dept":4},"beauvallet":{"dept":1},"brooks":{"dept":2},"pedroza":{"dept":3},"maino":{"dept":4},"behavioural":{"dept":3},"pioro":{"dept":4},"vion":{"dept":4},"nunez ochoa":{"dept":2},"capet":{"dept":3},"charlet":{"dept":2},"blanchet":{"dept":2},"doka":{"dept":4},"marim":{"dept":2},"traonmilin":{"dept":2},"rayna":{"dept":1},"saeidi":{"dept":2},"carlet":{"dept":3},"visser":{"dept":1},"weber":{"dept":2},"chaudet":{"dept":4},"ch i h ki &quot; a bk h h f @bullet pascal urien":{"dept":4},"granado":{"dept":2},"del-bimbo":{"dept":2},"del bimbo":{"dept":2},"malvenuto":{"dept":4},"mal\u00e4r":{"dept":3},"lowry":{"dept":2},"decreusefond":{"dept":4},"kechaou":{"dept":3},"laigle":{"dept":2},"pedregosa":{"dept":2},"prepin ken":{"dept":2},"pautet":{"dept":4},"negru":{"dept":3},"joseph":{"dept":3},"urban":{"dept":2},"javidi":{"dept":3},"huet":{"dept":2},"bogossian":{"dept":3},"forzati":{"dept":3},"bassbouss":{"dept":2},"fautrero":{"dept":1},"rousset":{"dept":4},"lasne":{"dept":2},"pinto":{"dept":3},"oggier":{"dept":3},"dugelay":{"dept":3},"klaime":{"dept":3},"rafii":{"dept":2},"caron":{"dept":3},"karlsson":{"dept":3},"markham":{"dept":4},"ghogho":{"dept":3},"lenay":{"dept":4},"benhamou":{"dept":1},"jouffrais":{"dept":0},"gulluni":{"dept":2},"varsier":{"dept":2},"ossieur":{"dept":3},"malacria":{"dept":4},"ben-romdhane":{"dept":3},"pagliarini":{"dept":3},"zaharis":{"dept":3},"palma":{"dept":2},"gunes":{"dept":2},"randriambololona":{"dept":4},"crevier-buchman":{"dept":2},"steimle":{"dept":4},"carena":{"dept":3},"roblin":{"dept":3},"lawson":{"dept":4},"villard":{"dept":2},"naccache":{"dept":3},"majeric":{"dept":2},"barr":{"dept":2},"elsner":{"dept":2},"onera":{"dept":2},"wand":{"dept":2},"milo":{"dept":4},"ksairi":{"dept":3},"niamut":{"dept":2},"anthony":{"dept":4},"strohmeier":{"dept":2},"salmon":{"dept":2},"andre":{"dept":3},"belabas plougonven":{"dept":3},"gatti":{"dept":4},"audiere":{"dept":2},"lautru":{"dept":3},"valenzise":{"dept":2},"ferro-famil":{"dept":2},"sarkiss":{"dept":3},"faye":{"dept":4},"aubin":{"dept":3},"kaddah":{"dept":4},"iwaza":{"dept":2},"kunz-jacques":{"dept":4},"bianchi":{"dept":2},"cipr":{"dept":2},"sokhn":{"dept":4},"du":{"dept":4},"sadeev":{"dept":3},"natouri":{"dept":4},"szemethy":{"dept":4},"ducloux":{"dept":2},"lac":{"dept":4},"monaghan":{"dept":2},"fortin":{"dept":3},"martens":{"dept":3},"edler":{"dept":2},"porteboeuf":{"dept":3},"perreau":{"dept":2},"jakubowicz":{"dept":2},"filali":{"dept":4},"nouvellet":{"dept":2},"pawan":{"dept":2},"moreno":{"dept":4},"zeng":{"dept":3},"maurel":{"dept":4},"tse":{"dept":3},"chu":{"dept":3},"tendero":{"dept":2},"patrone":{"dept":4},"demidova":{"dept":4},"park":{"dept":2},"rodriguez-fuentes":{"dept":2},"colombi":{"dept":2},"lafond":{"dept":2},"laget":{"dept":2},"verma":{"dept":2},"gharba":{"dept":3},"viry":{"dept":2},"bernot":{"dept":2},"gelin":{"dept":2},"dromard":{"dept":4},"mehaoua":{"dept":4},"helvik":{"dept":4},"vasseur":{"dept":3},"tagliasacchi":{"dept":2},"scherzer":{"dept":2},"tchambake":{"dept":3},"mee":{"dept":3},"maz\u00e9":{"dept":2},"enard":{"dept":3},"lonc":{"dept":4},"vu":{"dept":4},"calasans":{"dept":3},"pawlus":{"dept":3},"francillon":{"dept":3},"lang":{"dept":4},"de teyou":{"dept":3},"boufaida":{"dept":4},"damaj":{"dept":3},"ilbery":{"dept":2},"marrauld":{"dept":1},"kanstr\u00e9n":{"dept":4},"camurri":{"dept":2},"lingnau":{"dept":3},"maksimovic":{"dept":3},"costa":{"dept":3},"ben rayana":{"dept":3},"spina":{"dept":4},"tak\u00e1\u010d":{"dept":2},"tywoniak":{"dept":1},"martins":{"dept":4},"jarp":{"dept":4},"kashefi":{"dept":4},"gemulla":{"dept":4},"su":{"dept":3},"kouamo":{"dept":2},"harchaoui":{"dept":2},"riche":{"dept":2},"valentian":{"dept":3},"pontille":{"dept":1},"koenig":{"dept":3},"boulkenafet":{"dept":2},"herbet-pain":{"dept":0},"poingt":{"dept":3},"munch":{"dept":4},"delepine-lesoille":{"dept":3},"sorkine":{"dept":2},"p\u00e2ques":{"dept":2},"braham":{"dept":2},"perdreau":{"dept":2},"petta":{"dept":2},"korba":{"dept":2},"buchholz":{"dept":2},"caire":{"dept":3},"loppez":{"dept":3},"stephen":{"dept":4},"garron":{"dept":1},"brewer":{"dept":2},"meloni":{"dept":3},"munaf\u00f2":{"dept":4},"le h\u00e9garat-mascle":{"dept":2},"papailiou":{"dept":4},"eres":{"dept":2},"moissinac":{"dept":2},"mansilha":{"dept":4},"chavillon":{"dept":2},"mckeown":{"dept":2},"pan":{"dept":4},"aldaya-garde":{"dept":3},"cramer":{"dept":3},"bouzid":{"dept":4},"labyt":{"dept":2},"soulier":{"dept":2},"dutoit":{"dept":2},"tziris":{"dept":3},"flint":{"dept":4},"de andrade scatolini":{"dept":2},"jutant":{"dept":1},"mandonnet":{"dept":2},"devroede":{"dept":2},"maire":{"dept":2},"mugnier":{"dept":2},"ouedraogo":{"dept":2},"mbaye":{"dept":3},"fournout":{"dept":1},"netzahualcoyotl":{"dept":4},"yoshizawa":{"dept":4},"cipi\u00e8re":{"dept":4},"hamidouche":{"dept":2},"scopigno":{"dept":2},"manning":{"dept":3},"caltech":{"dept":2},"sikali-mamdem":{"dept":3},"michaux":{"dept":4},"boggia":{"dept":4},"varni":{"dept":2},"ktari":{"dept":4},"rougier":{"dept":4},"qin":{"dept":4},"gao":{"dept":2},"rigole":{"dept":3},"kameni ngassa":{"dept":3},"chuang":{"dept":3},"rarity":{"dept":4},"bach":{"dept":2},"kaust":{"dept":2},"strat":{"dept":2},"chtourou":{"dept":2},"rital":{"dept":2},"chadli":{"dept":4},"cafaro":{"dept":2},"schmid":{"dept":4},"samoud":{"dept":3},"hudelot":{"dept":2},"zonca":{"dept":2},"vitucci":{"dept":3},"dielmann":{"dept":2},"ernst":{"dept":2},"baili":{"dept":3},"hamdane":{"dept":4},"loniewski":{"dept":4},"cordette":{"dept":3},"garcia rojas":{"dept":2},"bordais":{"dept":3},"martelloni":{"dept":2},"gottlob":{"dept":4},"luiz":{"dept":3},"le montagner":{"dept":2},"rabin":{"dept":2},"rodrigues":{"dept":3},"nassar":{"dept":3},"pacheco-paramo":{"dept":4},"boussedjra":{"dept":4},"denisa balalau":{"dept":4},"swami":{"dept":3},"de sevin":{"dept":2},"tubaro":{"dept":1},"montassier":{"dept":4},"guzman":{"dept":3},"aissa el bey":{"dept":3},"contreras":{"dept":3},"cabellos":{"dept":4},"amouri":{"dept":3},"goj":{"dept":2},"brandt":{"dept":4},"t e s t a":{"dept":4},"talaika":{"dept":4},"el shafey":{"dept":2},"folliot":{"dept":3},"barbay":{"dept":3},"amini":{"dept":2},"gardoll":{"dept":4},"christodoulou":{"dept":3},"osiski":{"dept":3},"priouret":{"dept":2},"schmitt":{"dept":2},"apvrille":{"dept":3},"rigaud":{"dept":2},"engemann":{"dept":2},"ohta":{"dept":3},"radenen":{"dept":2},"stevens":{"dept":2},"mattausch":{"dept":2},"sachs":{"dept":2},"le borgne":{"dept":2},"gosset":{"dept":3},"roche":{"dept":3},"chambers":{"dept":3},"adhikarla":{"dept":2},"pailler":{"dept":1},"indre":{"dept":4},"leontiadis":{"dept":4},"azarian":{"dept":3},"ben jemaa":{"dept":2},"carniero viana":{"dept":4},"giacometti":{"dept":3},"mirani":{"dept":4},"benjeema":{"dept":2},"thuwal":{"dept":2},"sacko":{"dept":3},"dahdouh":{"dept":2},"madelaine":{"dept":3},"perdrix":{"dept":4},"groumas":{"dept":3},"magossi":{"dept":3},"leuthold":{"dept":3},"tchoffo-talom":{"dept":3},"monnier":{"dept":2},"dahl":{"dept":2},"alves de barros naviner":{"dept":3},"ezerman":{"dept":3},"jaou\u00ebn":{"dept":3},"huffaker":{"dept":3},"coh\u00e9coh\u00b4coh\u00e9":{"dept":4},"peeters":{"dept":2},"leyva":{"dept":3},"deledalle":{"dept":2},"brun":{"dept":4},"datcu":{"dept":2},"alvarez marquina":{"dept":2},"bruneau":{"dept":3},"chiky":{"dept":4},"cesar-":{"dept":2},"le gratiet":{"dept":3},"gaucherel":{"dept":4},"iellamo":{"dept":4},"raju":{"dept":4},"bourreau":{"dept":1},"stone":{"dept":2},"kouloumentas":{"dept":3},"vancamberg":{"dept":2},"devienne":{"dept":4},"belfiore":{"dept":3},"dessalles":{"dept":4},"declerck":{"dept":2},"ben-ameur":{"dept":2},"lo":{"dept":4},"monhagan":{"dept":2},"saillenfest":{"dept":4},"pescap\u00e9":{"dept":4},"pescap\u00e8":{"dept":4},"baccelli":{"dept":4},"calmels":{"dept":2},"gonz\u00e1lez-dom\u00ednguez":{"dept":2},"an":{"dept":3},"boudjellal":{"dept":2},"silverio freire":{"dept":3},"codis":{"dept":2},"kharlamov":{"dept":4},"wan":{"dept":3},"stoltz":{"dept":2},"ozerov":{"dept":2},"mittig":{"dept":4},"klehm":{"dept":2},"wrage":{"dept":4},"fernandez":{"dept":1},"favre":{"dept":4},"maffiolo":{"dept":2},"primet":{"dept":4},"benoit-levy":{"dept":2},"pescape":{"dept":4},"bourdoncle":{"dept":4},"sibony":{"dept":2},"guillory":{"dept":3},"delabrouile":{"dept":2},"vinogradova":{"dept":3},"gadonna":{"dept":3},"saradhi":{"dept":4},"ballas":{"dept":2},"dauvignac":{"dept":3},"nakata":{"dept":3},"gentric":{"dept":2},"vivien":{"dept":4},"ageneau":{"dept":4},"izquierdo":{"dept":2},"aguerrebere":{"dept":2},"mokadem":{"dept":2},"lee":{"dept":2},"zohner":{"dept":4},"daudet":{"dept":2},"pitt":{"dept":4},"milatovi":{"dept":3},"gouriten":{"dept":4},"lamine ba":{"dept":4},"kosem":{"dept":2},"niedermeier":{"dept":4},"schretter":{"dept":2},"jan":{"dept":4},"homma":{"dept":3},"maniu":{"dept":4},"vandekerkhove":{"dept":2},"ababneh":{"dept":4},"ding":{"dept":2},"wacongne":{"dept":2},"soiron":{"dept":3},"zouaoui":{"dept":3},"delplanque":{"dept":2},"qiu-ping":{"dept":2},"presti":{"dept":2},"trammel":{"dept":4},"raifort":{"dept":2},"kaissoine":{"dept":3},"chiaradia":{"dept":2},"tabbane":{"dept":4},"vi\u00e9not":{"dept":2},"hurtado":{"dept":3},"gaetano":{"dept":2},"mauris":{"dept":2},"lau":{"dept":2},"khemiri":{"dept":2},"serizel":{"dept":2},"dietze":{"dept":4},"aranyi":{"dept":2},"van diggelen":{"dept":1},"outin":{"dept":1},"verger":{"dept":2},"mestre":{"dept":3},"prevost":{"dept":2},"urbain":{"dept":2},"poudoullec":{"dept":3},"kanakis":{"dept":3},"gramfort":{"dept":2},"kaufmann":{"dept":2},"barras":{"dept":2},"denidni":{"dept":3},"hinds":{"dept":2},"papadakis":{"dept":2},"dufourd":{"dept":2},"hamalainen":{"dept":2},"villa":{"dept":4},"rauzy":{"dept":3},"inderst":{"dept":1},"elie":{"dept":2},"le guyader":{"dept":3},"mondal":{"dept":4},"vincke":{"dept":2},"baglioni":{"dept":4},"leder mackley":{"dept":2},"lerm\u00e9":{"dept":2},"lacoste":{"dept":4},"prost":{"dept":1},"campobello":{"dept":4},"ali":{"dept":4},"varault":{"dept":3},"colazzo":{"dept":4},"ionescu":{"dept":2},"bouchet":{"dept":2},"conitzer":{"dept":4},"betoule":{"dept":4},"wilson":{"dept":3},"kowalski":{"dept":2},"van ongeval":{"dept":2},"sopena":{"dept":4},"derrien":{"dept":2},"philippe":{"dept":2},"bengherabi":{"dept":2},"sillard":{"dept":3},"barney smith":{"dept":2},"pescape &apos;":{"dept":4},"cautis":{"dept":4},"hebert":{"dept":4},"alekseeva":{"dept":4},"gaillard":{"dept":2},"gan":{"dept":3},"de saqui-sannes":{"dept":3},"lescuyer":{"dept":4},"kendall":{"dept":2},"gouet-brunet":{"dept":2},"huang":{"dept":2},"p\u00e9nillard":{"dept":3},"zaremba":{"dept":2},"bader":{"dept":2},"sormani":{"dept":1},"pez":{"dept":2},"aguilar":{"dept":3},"levantovsky":{"dept":2},"bounie":{"dept":1},"roger":{"dept":3},"bartelmaos":{"dept":2},"yousuf":{"dept":3},"lecolinet":{"dept":4},"iannone":{"dept":4},"barbet":{"dept":3},"kuijk":{"dept":2},"pieltant":{"dept":4},"jung":{"dept":2},"lattanzi":{"dept":4},"brul\u00e9":{"dept":0},"pincemin":{"dept":3},"padmanabhan":{"dept":4},"herold":{"dept":2},"bressan":{"dept":4},"blouin":{"dept":4},"pizaine":{"dept":2},"cozzolino":{"dept":2},"papa":{"dept":2},"kirchhoff":{"dept":2},"de lustrac":{"dept":3},"de mur":{"dept":3},"hayashi":{"dept":3},"robert":{"dept":4},"bourdis":{"dept":2},"meynard":{"dept":3},"jouguet":{"dept":4},"giladi":{"dept":2},"san":{"dept":3},"bar":{"dept":4},"maho":{"dept":3},"dehaese":{"dept":3},"gionis":{"dept":4},"mcrorie":{"dept":2},"ben fredj":{"dept":4},"st\u00f6ttinger":{"dept":3},"h\u00f6nig":{"dept":2},"damen":{"dept":3},"wornell":{"dept":3},"brodbeck":{"dept":2},"maleki":{"dept":3},"gerber":{"dept":2},"joosen":{"dept":4},"mellet":{"dept":1},"arvizu":{"dept":3},"dardari":{"dept":3},"badis":{"dept":4},"kocan":{"dept":3},"lijun":{"dept":2},"ouzzif":{"dept":3},"tesanovic":{"dept":3},"aghanim":{"dept":2},"van baelen":{"dept":4},"doyen":{"dept":4},"galli":{"dept":2},"jas":{"dept":2},"casilli":{"dept":1},"pradhan":{"dept":3},"delano\u00eb":{"dept":1},"maier":{"dept":4},"fitzgerald":{"dept":2},"dau":{"dept":4},"aracil":{"dept":4},"valkona":{"dept":4},"o'connor":{"dept":2},"and chollet":{"dept":2},"hueber":{"dept":2},"singhoff":{"dept":4},"shayevitz":{"dept":3},"makari manshadi":{"dept":4},"berrettini":{"dept":3},"baar":{"dept":2},"gambardella":{"dept":1},"prinet":{"dept":2},"ghorbel":{"dept":2},"schires":{"dept":3},"winckler":{"dept":4},"alibart":{"dept":4},"brunel":{"dept":3},"zoubir":{"dept":2},"ha":{"dept":2},"falaize":{"dept":2},"rohde":{"dept":2},"szostak":{"dept":2},"@bullet dorice nyamy":{"dept":4},"feldman":{"dept":4},"panagiotis":{"dept":3},"keriven":{"dept":2},"nakatsu":{"dept":3},"l\u00fcdge":{"dept":3},"banterle":{"dept":2},"franke":{"dept":3},"jolie":{"dept":3},"saqui-sannes":{"dept":3},"m\u00e9ger":{"dept":2},"munos":{"dept":2},"gallion":{"dept":3},"hame":{"dept":2},"insfran":{"dept":4},"roudier":{"dept":3},"montoya":{"dept":4},"adrien":{"dept":2},"patey":{"dept":4},"mansencal":{"dept":2},"cioranesco":{"dept":3},"deng":{"dept":3},"badeau":{"dept":2},"lelandais-perrault":{"dept":3},"banday":{"dept":2},"levy":{"dept":3},"de la morena-\u00e1lvarez-palencia":{"dept":3},"mak\u00e9":{"dept":3},"provost":{"dept":3},"ramasubramonian":{"dept":2},"sanna":{"dept":2},"desolneux":{"dept":2},"santiago del r\u00edo":{"dept":4},"martret":{"dept":3},"larochelle":{"dept":3},"baggia":{"dept":2},"derbas":{"dept":2},"isabelle":{"dept":4},"serra":{"dept":2},"hillgren":{"dept":4},"harmany":{"dept":2},"reuben g.":{"dept":4},"angeloni":{"dept":2},"phemius":{"dept":4},"lisboa":{"dept":4},"abed-meraim":{"dept":2},"akiyama":{"dept":4},"daniels":{"dept":2},"faucou":{"dept":4},"daveau":{"dept":3},"marache":{"dept":4},"jafar":{"dept":3},"bramerie":{"dept":3},"melchor":{"dept":3},"gonzalez-rodriguez":{"dept":2},"nekovi":{"dept":3},"dremeau":{"dept":2},"bin":{"dept":4},"kuperberg":{"dept":2},"klaus":{"dept":2},"porzi":{"dept":3},"vazirgiannis":{"dept":4},"majidi":{"dept":4},"manitsaris":{"dept":2},"labiod":{"dept":4},"dionisio":{"dept":3},"thienot":{"dept":2},"jean":{"dept":4},"kermorvant":{"dept":2},"ciuciu":{"dept":2},"el":{"dept":4},"leguay":{"dept":4},"larson":{"dept":2},"beaudouin":{"dept":1},"navas":{"dept":4},"secci":{"dept":4},"ferraioli":{"dept":2},"gomez agis":{"dept":3},"gurgens":{"dept":3},"chaux":{"dept":2},"jouvray":{"dept":4},"khan":{"dept":4},"leneutre":{"dept":4},"fourer":{"dept":2},"amari":{"dept":3},"bogoni":{"dept":3},"sammarco":{"dept":4},"bottazzi":{"dept":3},"de francisci morales":{"dept":4},"munier":{"dept":1},"gong":{"dept":4},"van wassenhove":{"dept":2},"bekinschtein":{"dept":2},"zitouni":{"dept":4},"bodylfet":{"dept":3},"lemarchand":{"dept":2},"pattavina":{"dept":4},"aguilar-melchor":{"dept":3},"blaschko":{"dept":2},"bergeault":{"dept":3},"simoes":{"dept":2},"elsassaer":{"dept":3},"stamatiadis":{"dept":3},"barcellos":{"dept":4},"vayatis":{"dept":2},"khadkevich":{"dept":2},"jacomy":{"dept":1},"ronald":{"dept":2},"kovanis":{"dept":3},"amhoud":{"dept":3},"laurent":{"dept":3},"shawe-taylor":{"dept":2},"dellandreav":{"dept":2},"coude":{"dept":4},"le callet":{"dept":2},"gourvennec":{"dept":1},"gratia":{"dept":4},"othman":{"dept":3},"campano":{"dept":2},"inglada":{"dept":2},"guenther":{"dept":2},"xenos":{"dept":3},"fouquier":{"dept":2},"monnerie":{"dept":3},"ndeye":{"dept":0},"klapuri":{"dept":2},"achemlal":{"dept":4},"zemel":{"dept":2},"khushk":{"dept":3},"kasper":{"dept":3},"mansanarez":{"dept":4},"garetto":{"dept":4},"mokrani":{"dept":3},"chenouard":{"dept":2},"pi\u00e8tre-cambac\u00e9d\u00e8s":{"dept":4},"omid":{"dept":3},"petrazzuoli":{"dept":2},"le guillou":{"dept":3},"andrieu":{"dept":2},"frohle":{"dept":3},"pillias":{"dept":4},"stoica":{"dept":2},"nehab":{"dept":2},"cagnazzo":{"dept":2},"lim":{"dept":2},"andriessen":{"dept":1},"r o s s i":{"dept":4},"pointurier":{"dept":4},"weidmann":{"dept":2},"hmadou":{"dept":3},"simoens":{"dept":4},"fischer":{"dept":3},"dumeige":{"dept":4},"aoun":{"dept":4},"brochier":{"dept":3},"alv\u00e8s":{"dept":3},"jaouen":{"dept":4},"vali\u00e8re":{"dept":2},"thiebaut de schotten":{"dept":2},"pacalet":{"dept":3},"lagrange":{"dept":2},"fr\u00e9ard":{"dept":1},"martignon":{"dept":4},"midler":{"dept":1},"damon":{"dept":2},"scheidegger":{"dept":2},"slimani":{"dept":3},"chailloux":{"dept":4},"martins bertoldi":{"dept":3},"terrasse":{"dept":2},"gabet":{"dept":3},"kooijman":{"dept":2},"beaume":{"dept":1},"grzybowski":{"dept":1},"souihli":{"dept":4},"filsfils":{"dept":4},"hollender":{"dept":3},"perez-sanchez":{"dept":3},"janin":{"dept":1},"tortelli":{"dept":4},"likforman-sulem":{"dept":2},"schindler":{"dept":3},"mellah":{"dept":3},"dutasta":{"dept":2},"pardijs":{"dept":1},"renaud":{"dept":1},"harris":{"dept":4},"egges":{"dept":2},"durecu":{"dept":3},"yvernault":{"dept":3},"hoogvorst":{"dept":3},"giraud":{"dept":2},"delanote":{"dept":4},"montfaucon":{"dept":4},"pheron":{"dept":3},"fern\u00e1ndez-navajas":{"dept":4},"landragin":{"dept":2},"mhanna":{"dept":3},"katashita":{"dept":3},"kossaifi":{"dept":2},"baud":{"dept":4},"schr\u00f6der":{"dept":2},"sone":{"dept":3},"jaureguiberry":{"dept":2},"tame":{"dept":4},"marcel":{"dept":2},"shaheen":{"dept":2},"farinacci":{"dept":4},"leglaive":{"dept":2},"petrucci":{"dept":4},"ochs":{"dept":2},"champeau":{"dept":4},"meriem":{"dept":0},"giacoumidis":{"dept":3},"gousseau":{"dept":2},"miura":{"dept":3},"bekhti":{"dept":2},"fujimoto":{"dept":3},"gioannini":{"dept":3},"clavier":{"dept":4},"bibin":{"dept":2},"milchior":{"dept":3},"j\u00e9gou":{"dept":2},"vergnaud":{"dept":4},"hennequin":{"dept":2},"laich":{"dept":3},"legon":{"dept":1},"schweppe":{"dept":3},"faustov":{"dept":3},"juliette":{"dept":4},"arnaud":{"dept":2},"robert-philippe":{"dept":3},"bosmans":{"dept":2},"pietriga":{"dept":4},"favier":{"dept":2},"klausz":{"dept":2},"chaillloux":{"dept":4},"sakarovitch":{"dept":4},"singh":{"dept":2},"ramona":{"dept":2},"coppin":{"dept":1},"le masson":{"dept":3},"badrignans":{"dept":3},"tsyier":{"dept":3},"di gennaro":{"dept":4},"mackay":{"dept":4},"sunkel":{"dept":2},"van leeuwen":{"dept":2},"perseil":{"dept":4},"bridon":{"dept":4},"fliegel":{"dept":2},"fellah":{"dept":2},"collaboration":{"dept":2},"calemme":{"dept":2},"issautier":{"dept":4},"benhaim":{"dept":2},"luessi":{"dept":2},"espinet":{"dept":4},"mirghasemi":{"dept":3},"sygletos":{"dept":3},"vason":{"dept":3},"ben romdhane":{"dept":3},"beydoun":{"dept":3},"mohellebi":{"dept":3},"cariou":{"dept":3},"kell":{"dept":2},"abid":{"dept":2},"jaekel":{"dept":3},"fradet":{"dept":2},"stolf":{"dept":4},"figeac":{"dept":1},"beylot":{"dept":4},"doganoglu":{"dept":1},"ansiaux":{"dept":4},"filliat":{"dept":2},"papadimitratos":{"dept":4},"bouchoucha":{"dept":2},"chrabieh":{"dept":2},"bastard":{"dept":1},"duc-tuyen":{"dept":3},"ayad":{"dept":2},"an mestre":{"dept":4},"lazaro":{"dept":3},"zalila":{"dept":4},"viard":{"dept":4},"pr\u00eateux":{"dept":2},"gaber":{"dept":4},"provenzi":{"dept":2},"feve":{"dept":3},"nonato":{"dept":2},"raghunathan":{"dept":3},"serrano":{"dept":4},"zazo-candil":{"dept":2},"captier":{"dept":2},"oulasvirta":{"dept":4},"bartoletti":{"dept":3},"martindale":{"dept":2},"kalyanakrishnan":{"dept":2},"gorlow":{"dept":2},"khatoun":{"dept":4},"hoernig":{"dept":1},"santiago del rio":{"dept":4},"gaudin":{"dept":1},"burov":{"dept":3},"engel":{"dept":4},"biallais":{"dept":3},"krenn":{"dept":2},"textoris":{"dept":3},"dufaux":{"dept":2},"tandon":{"dept":4},"chirichella":{"dept":4},"majumdar":{"dept":4},"vitte":{"dept":2},"nowak":{"dept":4},"hadjem":{"dept":3},"han":{"dept":3},"de keyzer":{"dept":2},"howes":{"dept":4},"loquin":{"dept":2},"adamsbaum":{"dept":2},"al-ghossein":{"dept":4},"naveen":{"dept":4},"bouttout":{"dept":3},"coutin":{"dept":4},"skalli":{"dept":2},"khurshid":{"dept":2},"schreck":{"dept":2},"maalaoui":{"dept":3},"petitmengin":{"dept":1},"lima kastensmidt":{"dept":3},"ung":{"dept":3},"nayak":{"dept":4},"gaste":{"dept":1},"heuser":{"dept":3},"lenoir":{"dept":2},"ostallo":{"dept":4},"jamin":{"dept":3},"shires":{"dept":3},"nahas":{"dept":3},"garnier-rizet":{"dept":2},"meiniel":{"dept":2},"tanaka":{"dept":3},"serhrouchni":{"dept":4},"gentes":{"dept":1},"gay":{"dept":2},"diminescu":{"dept":1},"lagarrigue":{"dept":2},"mall\u00e9gol":{"dept":3},"stoian":{"dept":2},"faheem":{"dept":4},"gonzalez-pina":{"dept":3},"lamponi":{"dept":3},"imbrenda":{"dept":4},"ben-haim":{"dept":4},"abdoul":{"dept":4},"lindoso":{"dept":3},"pajaniradja":{"dept":3},"bugiotti":{"dept":4},"hecker":{"dept":4},"geeraert":{"dept":2},"battista":{"dept":2},"filippi":{"dept":2},"vial":{"dept":1},"audrain":{"dept":2},"selmi":{"dept":3},"chabchoub":{"dept":4},"batt\u00e9":{"dept":3},"haadi":{"dept":2},"thual":{"dept":3},"santos":{"dept":3},"plainchault":{"dept":3},"denby":{"dept":2},"boutignon":{"dept":4},"medina ruiz":{"dept":2},"sharrock":{"dept":4},"usechack":{"dept":3},"jalali":{"dept":3},"ziad\u00e9":{"dept":3},"matejka":{"dept":2},"saliou":{"dept":3},"el gheche":{"dept":2},"el-gheche":{"dept":2},"dalalyan":{"dept":2},"reveyrand":{"dept":3},"fercoq":{"dept":2},"tiecheng":{"dept":4},"graba":{"dept":3},"uliani-neto":{"dept":2},"ritschel":{"dept":2},"leone":{"dept":4},"barcellini":{"dept":1},"guilley":{"dept":3},"aujol":{"dept":2},"benaroya":{"dept":2},"saumard":{"dept":2},"fuentes":{"dept":2},"vasilescu":{"dept":2},"mejri":{"dept":3},"van der puil":{"dept":1},"manshadi":{"dept":4},"lefeuvre":{"dept":2},"draetta":{"dept":1},"audo":{"dept":2},"masan\u00e8s":{"dept":4},"grieco":{"dept":4},"varde":{"dept":4},"hadaschik":{"dept":3},"rupp":{"dept":2},"demaille":{"dept":4},"daoud":{"dept":3},"mouffok":{"dept":3},"makiou":{"dept":4},"myszkowski":{"dept":2},"elayoubi":{"dept":4},"sahdev":{"dept":4},"grenier":{"dept":2},"myaskouvskey":{"dept":2},"pirker":{"dept":2},"prouti\u00e8re":{"dept":4},"huston":{"dept":4},"campovecchio":{"dept":3},"casas":{"dept":4},"seys":{"dept":4},"prunet":{"dept":2},"burgos-garc\u00eda":{"dept":3},"richt\u00e1rik":{"dept":2},"wong":{"dept":2},"pasquier":{"dept":1},"jemal":{"dept":4},"gueye":{"dept":4},"noirie":{"dept":4},"brunina":{"dept":3},"lesoille":{"dept":3},"thior":{"dept":3},"gouedard":{"dept":3},"masnou":{"dept":2},"minelli":{"dept":4},"pelosi":{"dept":2},"despiegel":{"dept":2},"valentin":{"dept":0},"el falou":{"dept":4},"lourdiane":{"dept":3},"wall":{"dept":2},"coras":{"dept":4},"mohammadkhani":{"dept":2},"b\u00e9dard":{"dept":2},"touati":{"dept":4},"leverrier":{"dept":4},"timo":{"dept":3},"mabrouk":{"dept":3},"bellachehab":{"dept":2},"vianu":{"dept":4},"nicholson":{"dept":2},"flori":{"dept":4},"wagner":{"dept":4},"pavanello":{"dept":3},"farah":{"dept":2},"ayadi":{"dept":4},"genay":{"dept":3},"tehranipoor":{"dept":3},"concolato":{"dept":2},"mehrez":{"dept":3},"abi hussein":{"dept":3},"sohbi":{"dept":4},"pons masbernart":{"dept":3},"bourse":{"dept":4},"tramel":{"dept":2},"el-azouzi":{"dept":4},"sturm":{"dept":2},"polo":{"dept":3},"desponds":{"dept":2},"landais":{"dept":2},"bredin":{"dept":2},"apostolopoulos":{"dept":3},"katouzian":{"dept":2},"val\u00ec ere":{"dept":2},"gaudel":{"dept":2},"weyde":{"dept":2},"charon":{"dept":4},"mazaira fern\u00e1ndez":{"dept":2},"pinel-puyss\u00e9gur":{"dept":2},"gaborit":{"dept":3},"zaharias":{"dept":3},"sarkis":{"dept":2},"vansebrouck":{"dept":3},"landre":{"dept":4},"affes":{"dept":2},"mellia":{"dept":4},"glas":{"dept":2},"konopacki":{"dept":3},"sequrenet":{"dept":4},"licoppe":{"dept":1},"obadia":{"dept":4},"mohand-sa\u00efd":{"dept":2},"atif":{"dept":2},"joglekar":{"dept":2},"famulari":{"dept":4},"van loock":{"dept":4},"mohand-said":{"dept":2},"flament":{"dept":3},"sha":{"dept":2},"appert":{"dept":4},"dubuisson":{"dept":2},"vergne":{"dept":4},"djebbar":{"dept":2},"salgarelli":{"dept":4},"praden":{"dept":3},"douglas-cowie":{"dept":2},"chandar":{"dept":3},"cudicio":{"dept":1},"varvarigos":{"dept":4},"elazouzi":{"dept":4},"gueguen":{"dept":1},"touillon":{"dept":3},"mehu":{"dept":2},"colin":{"dept":2},"labb\u00e9":{"dept":2},"tanzilli":{"dept":4},"gringoli":{"dept":4},"g\u00fcnther":{"dept":2},"kieffer":{"dept":2},"grompone":{"dept":2},"bourhis":{"dept":4},"h\u00e4m\u00e4l\u00e4inen":{"dept":2},"faure":{"dept":2},"dainotti":{"dept":4},"rohaut":{"dept":2},"bouwmans":{"dept":3},"lepers":{"dept":3},"munteanu":{"dept":2},"penagarikano":{"dept":2},"sabourin":{"dept":2},"ma":{"dept":4},"de simone":{"dept":2},"etiene":{"dept":2},"shimada":{"dept":3},"kapetonevic":{"dept":3},"gabriel":{"dept":2},"benesty":{"dept":2},"seichepine":{"dept":2},"dijana":{"dept":2},"seong yong":{"dept":2},"jomaa":{"dept":1},"alfano":{"dept":2},"omologo":{"dept":2},"el ghoul":{"dept":2},"bouarfa":{"dept":4},"baldinger":{"dept":2},"merghem":{"dept":3},"gueffaz":{"dept":2},"dymarski":{"dept":2},"hebiri":{"dept":2},"qu\u00e9r\u00e9":{"dept":3},"argyriou":{"dept":2},"lombardy":{"dept":4},"assayag":{"dept":2},"brock":{"dept":0},"narayanan":{"dept":2},"hoffart":{"dept":4},"lambert":{"dept":2},"bizopoulos":{"dept":3},"bhalerao":{"dept":2},"feriel":{"dept":3},"sainz":{"dept":2},"ricateau":{"dept":2},"teflioudi":{"dept":4},"kuhn":{"dept":2},"kaplan":{"dept":4},"oestges":{"dept":3},"bah":{"dept":2},"legrand":{"dept":2},"sibille":{"dept":3},"relieu":{"dept":1},"robbiano":{"dept":2},"zazo candil":{"dept":2},"leitinger":{"dept":3},"kaup":{"dept":2},"vinciarelli":{"dept":2},"mahdisoltani":{"dept":4},"scherbaum":{"dept":2},"rizzo":{"dept":2},"chouta":{"dept":3},"gustavo":{"dept":2},"muller":{"dept":2},"garivier":{"dept":2},"pichon":{"dept":2},"korner":{"dept":4}}