{"Bacache":{"group":1,"dept":1},"Bounie":{"group":1,"dept":1},"Bourreau":{"group":1,"dept":1},"Davidovici-nora":{"group":1,"dept":1},"Fernandez":{"group":1,"dept":1},"Gille":{"group":1,"dept":1},"Grzybowski":{"group":1,"dept":1},"Houy":{"group":1,"dept":1},"Lebart":{"group":1,"dept":1},"Levallois-barth":{"group":1,"dept":1},"Maniak":{"group":1,"dept":1},"Muselli":{"group":1,"dept":1},"Pogorel":{"group":1,"dept":1},"Waelbroeck":{"group":1,"dept":1},"Baker":{"group":3,"dept":1},"Cahour":{"group":3,"dept":1},"Detienne":{"group":3,"dept":1},"Diminescu":{"group":3,"dept":1},"Draetta":{"group":3,"dept":1},"Figeac":{"group":3,"dept":1},"Licoppe":{"group":3,"dept":1},"Morel":{"group":3,"dept":1},"Relieu":{"group":3,"dept":1},"Rizza":{"group":3,"dept":1},"Auray":{"group":4,"dept":1},"Beaudouin":{"group":4,"dept":1},"Casilli":{"group":4,"dept":1},"Coussieu":{"group":4,"dept":1},"Denis":{"group":4,"dept":1},"Fournout":{"group":4,"dept":1},"Garron":{"group":4,"dept":1},"Gentes":{"group":4,"dept":1},"Le":{"group":4,"dept":1},"Munier-temime":{"group":4,"dept":1},"Musso":{"group":4,"dept":1},"Pasquier":{"group":4,"dept":1},"Cagnazzo":{"group":5,"dept":2},"Chollet":{"group":5,"dept":2},"Clavel":{"group":5,"dept":2},"Concolato":{"group":5,"dept":2},"Dufaux":{"group":5,"dept":2},"Dufourd":{"group":5,"dept":2},"Le Feuvre":{"group":5,"dept":2},"Likforman":{"group":5,"dept":2},"Moissinac":{"group":5,"dept":2},"Pelachaud":{"group":5,"dept":2},"Pesquet-popescu":{"group":5,"dept":2},"Sigelle":{"group":5,"dept":2},"Valenzise":{"group":5,"dept":2},"Badeau":{"group":6,"dept":2},"David":{"group":6,"dept":2},"Essid":{"group":6,"dept":2},"Gramfort":{"group":6,"dept":2},"Grenier":{"group":6,"dept":2},"Richard":{"group":6,"dept":2},"Bianchi":{"group":7,"dept":2},"Blanchet":{"group":7,"dept":2},"Capp\u00e9":{"group":7,"dept":2},"Cardoso":{"group":7,"dept":2},"Charbit":{"group":7,"dept":2},"Cl\u00e9men\u00e7on":{"group":7,"dept":2},"D'alche-buc":{"group":7,"dept":2},"Fercoq":{"group":7,"dept":2},"Fort":{"group":7,"dept":2},"Moulines":{"group":7,"dept":2},"Portier":{"group":7,"dept":2},"Roueff":{"group":7,"dept":2},"Sabourin":{"group":7,"dept":2},"Salmon":{"group":7,"dept":2},"Almansa":{"group":8,"dept":2},"Angelini":{"group":8,"dept":2},"Asselineau":{"group":8,"dept":2},"Bloch":{"group":8,"dept":2},"Boubekeur":{"group":8,"dept":2},"Brettel":{"group":8,"dept":2},"Campedel":{"group":8,"dept":2},"Gousseau":{"group":8,"dept":2},"Ladjal":{"group":8,"dept":2},"Ma\u00eetre":{"group":8,"dept":2},"Memari":{"group":8,"dept":2},"Nicolas":{"group":8,"dept":2},"Roux":{"group":8,"dept":2},"Sahbi":{"group":8,"dept":2},"Tendero":{"group":8,"dept":2},"Tierny":{"group":8,"dept":2},"Tupin":{"group":8,"dept":2},"Chaudhuri":{"group":9,"dept":3},"Danger":{"group":9,"dept":3},"Duc":{"group":9,"dept":3},"Graba":{"group":9,"dept":3},"Hoogvorst":{"group":9,"dept":3},"Matherat":{"group":9,"dept":3},"Mathieu":{"group":9,"dept":3},"Naviner":{"group":14,"dept":3},"Polti":{"group":9,"dept":3},"Sauvage":{"group":9,"dept":3},"Begaud":{"group":10,"dept":3},"Bergeault":{"group":10,"dept":3},"Cousin":{"group":10,"dept":3},"Huyart":{"group":10,"dept":3},"Khy":{"group":10,"dept":3},"Lepage":{"group":10,"dept":3},"Roblin":{"group":10,"dept":3},"Sibille":{"group":10,"dept":3},"Ameur-boulifa":{"group":11,"dept":3},"Apvrille":{"group":11,"dept":3},"Coudert":{"group":11,"dept":3},"Pacalet":{"group":11,"dept":3},"Tanzi":{"group":11,"dept":3},"Erasme":{"group":12,"dept":3},"Gabet":{"group":12,"dept":3},"Gallion":{"group":12,"dept":3},"Gosset":{"group":12,"dept":3},"Grillot":{"group":12,"dept":3},"Jaouen":{"group":12,"dept":3},"Minot":{"group":12,"dept":3},"Popoff":{"group":12,"dept":3},"Ware":{"group":12,"dept":3},"Belfiore":{"group":13,"dept":3},"Ciblat":{"group":13,"dept":3},"Hachem":{"group":13,"dept":3},"Rekaya":{"group":13,"dept":3},"Rioul":{"group":13,"dept":3},"Rodriguez":{"group":13,"dept":3},"Sole":{"group":13,"dept":3},"Tchamkerten":{"group":13,"dept":3},"Wigger":{"group":13,"dept":3},"Desgreys":{"group":14,"dept":3},"Fakhoury":{"group":14,"dept":3},"Loumeau":{"group":14,"dept":3},"Nguyen":{"group":14,"dept":3},"Petit":{"group":14,"dept":3},"Abdessalem":{"group":15,"dept":4},"Bailly":{"group":15,"dept":4},"Burtschy":{"group":15,"dept":4},"Dessalles":{"group":15,"dept":4},"Eagan":{"group":15,"dept":4},"Guiard":{"group":15,"dept":4},"Lecolinet":{"group":15,"dept":4},"Senellart":{"group":15,"dept":4},"Sozio":{"group":15,"dept":4},"Suchanek":{"group":15,"dept":4},"Charon":{"group":16,"dept":4},"Cohen":{"group":16,"dept":4},"Decreusefond":{"group":16,"dept":4},"Hudry":{"group":16,"dept":4},"Lobstein":{"group":16,"dept":4},"Madore":{"group":16,"dept":4},"Meyer":{"group":16,"dept":4},"Rambaud":{"group":16,"dept":4},"Randriambololona":{"group":16,"dept":4},"Sakarovitch":{"group":16,"dept":4},"Ustunel":{"group":16,"dept":4},"Zahr":{"group":17,"dept":4},"Bonald":{"group":17,"dept":4},"Boukhatem":{"group":17,"dept":4},"Coupechoux":{"group":17,"dept":4},"Gagnaire":{"group":17,"dept":4},"Giovanidis":{"group":17,"dept":4},"Godlewski":{"group":17,"dept":4},"Kofman":{"group":17,"dept":4},"Iannone":{"group":17,"dept":4},"Martins":{"group":17,"dept":4},"Rossi":{"group":17,"dept":4},"Rougier":{"group":17,"dept":4},"Simoni":{"group":17,"dept":4},"Vergne":{"group":17,"dept":4},"Bellot":{"group":18,"dept":4},"Borde":{"group":18,"dept":4},"Busch":{"group":18,"dept":4},"Dax":{"group":18,"dept":4},"Demeure":{"group":18,"dept":4},"Diaconescu":{"group":18,"dept":4},"Gadret":{"group":18,"dept":4},"Gardoll":{"group":18,"dept":4},"Kuznetsov":{"group":18,"dept":4},"Mouret":{"group":18,"dept":4},"Najm":{"group":18,"dept":4},"Pautet":{"group":18,"dept":4},"Robert":{"group":18,"dept":4},"Sharrock":{"group":18,"dept":4},"Tardieu":{"group":18,"dept":4},"Vignes":{"group":18,"dept":4},"Aissaoui":{"group":19,"dept":4},"Alleaume":{"group":19,"dept":4},"Diamanti":{"group":19,"dept":4},"Khatoun":{"group":19,"dept":4},"Labiod":{"group":19,"dept":4},"Leneutre":{"group":19,"dept":4},"Markham":{"group":19,"dept":4},"Riguidel":{"group":19,"dept":4},"Serhrouchni":{"group":19,"dept":4},"Urien":{"group":19,"dept":4},"Zaquine":{"group":19,"dept":4}}